-- phpMyAdmin SQL Dump
-- version 4.8.5
-- https://www.phpmyadmin.net/
--
-- Host: localhost:3306
-- Waktu pembuatan: 02 Nov 2019 pada 11.39
-- Versi server: 10.2.27-MariaDB
-- Versi PHP: 7.2.7

SET SQL_MODE = "NO_AUTO_VALUE_ON_ZERO";
SET AUTOCOMMIT = 0;
START TRANSACTION;
SET time_zone = "+00:00";


/*!40101 SET @OLD_CHARACTER_SET_CLIENT=@@CHARACTER_SET_CLIENT */;
/*!40101 SET @OLD_CHARACTER_SET_RESULTS=@@CHARACTER_SET_RESULTS */;
/*!40101 SET @OLD_COLLATION_CONNECTION=@@COLLATION_CONNECTION */;
/*!40101 SET NAMES utf8mb4 */;

--
-- Database: `iseitsco_barscan`
--

-- --------------------------------------------------------

--
-- Struktur dari tabel `Item`
--

CREATE TABLE `Item` (
  `id` varchar(10) NOT NULL,
  `nama` varchar(40) NOT NULL,
  `harga` int(11) DEFAULT NULL
) ENGINE=MyISAM DEFAULT CHARSET=latin1;

--
-- Dumping data untuk tabel `Item`
--

INSERT INTO `Item` (`id`, `nama`, `harga`) VALUES
('ID1', 'FlashDisk', 100),
('ID2', 'Beras', 10),
('ID3', 'PC', 20),
('ID4', 'Nasi', 200),
('ITM001', 'Headphone', 2500),
('ITM002', 'Speaker', 2000),
('ITM003', 'Gaming Mouse', 2300),
('ITM004', 'Earphone', 1000),
('ITM005', 'USB', 1400),
('ITM006', 'Flashdisk', 1600),
('ITM007', 'Sticker', 200),
('ITM008', 'Kaos', 600),
('ITM009', 'Produk Wardah', 800);

-- --------------------------------------------------------

--
-- Struktur dari tabel `Login`
--

CREATE TABLE `Login` (
  `fk_user` varchar(10) NOT NULL,
  `token` varchar(60) NOT NULL,
  `login_pas` timestamp NOT NULL DEFAULT current_timestamp(),
  `akt_trahir` timestamp NOT NULL DEFAULT current_timestamp()
) ENGINE=MyISAM DEFAULT CHARSET=latin1;

--
-- Dumping data untuk tabel `Login`
--

INSERT INTO `Login` (`fk_user`, `token`, `login_pas`, `akt_trahir`) VALUES
('ID1', 'mV-8NHyADv7!Or4ezVvml9pL$p2h$5sKOa0uz$SD7_odKRVSM', '2019-10-31 21:15:50', '2019-10-31 21:15:55'),
('STA13', 'p44iIZAghKAnL!,goh5JhzT-mcnZhF$Ll_Q5', '2019-11-01 19:29:31', '2019-11-01 21:33:37'),
('GAM04', '3Y$_BGCsPQRoc*P4IhU_U-aB5xPw$fnGxzzcDmN,6zmNaRhd!j6', '2019-11-01 21:27:07', '2019-11-01 21:28:31'),
('GAM05', '*I-vfjcKl5-71Na,4!njzklKHWXttAhU6ydIW!!OeBwc', '2019-11-01 03:31:01', '2019-11-01 03:31:01'),
('ID3', 'oS,DjNNRQ,*O$du$qZwq*vKeXlsflMPhTfJcD6PgTLLGX', '2019-11-01 04:22:23', '2019-11-01 04:23:11'),
('ID4', 'E!6QnGQQcLPntcOoyl54Sa8lzC-lxiWcH$t*!rkDjzO0Mp,Gr$8p', '2019-11-01 04:07:00', '2019-11-01 04:07:27'),
('STA01', 'AhH!NZdnQvEj4EuWPSwx-udKXYuRp_ldure*cKSl5mX*B', '2019-11-01 04:58:13', '2019-11-01 20:44:11'),
('STA14', '0XIJkuzlFoi*-UAJeyz8FTxrqj0Y9IFghfcXrZoZ!5', '2019-11-01 05:13:58', '2019-11-01 21:22:56'),
('STA03', 'DBBwLJAGDFBCf4R0ZAOigSzwK,*1B5-lyCl6Fwo', '2019-11-01 05:38:07', '2019-11-01 19:21:30'),
('STA18', 'z4Omm1aPlnl4FPDkY5TOA7c,Srgcp0YmhJEE7DJl$Y3v', '2019-11-01 05:40:14', '2019-11-01 21:02:54'),
('STA08', 'MBCUfuYA*LZfKuNC9N1mtfu*fC$9ycp9NtE0utXfGT2Rs6B5', '2019-11-01 08:06:01', '2019-11-01 21:22:24'),
('STA02', 'f$NU5RB!gj!oUo!HnswP,5xCp14UcFct4!M6Av-', '2019-11-01 15:48:06', '2019-11-01 21:14:04'),
('GAM02', 'Sus,heULC7TgKFWrv4torv5uK4k!mPeRq-fB4U!D,7', '2019-11-01 17:45:34', '2019-11-01 21:16:09'),
('STA08', '$PM1VlqRHDQPRXcI5kducNBuqiTley$sSgmFM', '2019-11-01 17:51:53', '2019-11-01 21:28:29'),
('GAM02', 'dj-6CjznYujxMuP0-TTAIWEJxZCvwXct*RRUmf0d0tceyVs!vh', '2019-11-01 17:57:21', '2019-11-01 17:57:21'),
('STA06', '*IT6QhhsFPLk*Vt3hHoUA-jQpICcAMa!j4pL7MJK6J4', '2019-11-01 18:02:23', '2019-11-01 18:02:23'),
('STA03', 'ouWgLep2CQg6DS-e3,*g102!oFXQpCRaq8h4BQ9', '2019-11-01 19:20:46', '2019-11-01 21:33:51'),
('STA21', 'cZY*tOeVpiiBL0O*A3BYQilX0gCaQpm7VttGRLhYX', '2019-11-01 18:23:29', '2019-11-01 21:08:56'),
('GAM05', 'iZzeQK97Q!mX8gFmMPfT5F4uL0f1hGc7UXEswH5vUPafw*F4A', '2019-11-01 18:33:23', '2019-11-01 21:34:24'),
('GAM05', '6_X_nL6,McQ1-SIIU_NEGev08FkpB_3yD9KeGIoa1d19tC', '2019-11-01 18:33:33', '2019-11-01 18:35:34'),
('STA22', 'u$lV$D$RcppO3trz!3Vj3IYF0Y*Ht1LeC0MrJ3lRB', '2019-11-01 21:05:41', '2019-11-01 21:06:06'),
('ID1', 'n3I93SypYkj$4$6L_hFjsle**_-hveZluYwUE8yn*xVt9!q*YR', '2019-11-01 21:26:20', '2019-11-01 21:26:24'),
('GAM04', 'QCcDgu8jGkAgxjcJzXe6QrFcIsdg1pYDI-EcWi5HW', '2019-11-01 18:40:56', '2019-11-01 21:17:39'),
('PAN003', 'Q0v-ZApA,7czALuIYIRpciCrmPEim5GEF6FhYN', '2019-11-01 18:45:26', '2019-11-01 18:45:26'),
('PAN004', 'm!0wUeTnLKgHhuPJr4GI9QR*$ZvP-79HI!*LKVHVS', '2019-11-01 18:47:50', '2019-11-01 18:47:50'),
('PAN002', 'qxtk7KaXUSVMapcv-m5i$3EeWiC,WaSu!ofjMyazi0h6ql90Bu-', '2019-11-01 18:48:53', '2019-11-01 18:48:53'),
('PAN001', '-$q6IG0ZjDKJjNcPFiTnUE3MFi4At81FZYmoxN8', '2019-11-01 18:49:08', '2019-11-01 20:59:35'),
('STA07', 'sJVPtW!VFFoflG8QhcKfzN-8_Kksc5qZoOB-FA-_,kvXi', '2019-11-01 19:12:25', '2019-11-01 21:17:47'),
('STA10', 'yyuV4zf!vEBG$EMUQcdX*MXf1Qyp6G5eiW_9go,vvAk1WX1-jL', '2019-11-01 19:12:32', '2019-11-01 19:12:59'),
('STA06', 'qE2YKjh5ZVveDc1dhSkS4wmCzUPMBRrto5mDa!XKd0w', '2019-11-01 19:17:44', '2019-11-01 21:38:41'),
('GAM01', 'h$0EWUg27Fh7rVd_eXr$KExOBXLO8l4sXoZtlrkMh', '2019-11-01 19:18:07', '2019-11-01 21:37:11'),
('STA06', 'Zocz7TLk,scUf!sq5eu!TAxez2VJtYDp8G,3ws20', '2019-11-01 19:20:12', '2019-11-01 21:29:04'),
('STA16', 'Y,NyueDp-5EfaBogMp$5mge*3BPwwpC6xEgpFDRgx8,AkZrLW', '2019-11-01 19:23:51', '2019-11-01 21:29:16'),
('STA14', 'JPdI0$XoPlkD5K*DC-C8V_9I!S2wq!Akx_vNq6Avhf', '2019-11-01 19:24:24', '2019-11-01 19:24:24'),
('STA16', 'MnR26HtWAvKq7nzBm!HNwaTzeToyef7*!,zo4$UK13yfse!', '2019-11-01 19:30:52', '2019-11-01 20:24:55'),
('STA15', 'fWtqSCKRCGvN-x4f0v0*Z1e98*pjoOQK2fnaDaZ8!fYI0j9', '2019-11-01 19:35:33', '2019-11-01 21:27:58'),
('STA19', 'QwBK9POSo2AM_d6cij4mSizpc3Kh$uIEiFyUOn_43oUt5c', '2019-11-01 19:36:00', '2019-11-01 19:36:00'),
('STA19', 'UiVXJU3B2-BPQFuAqtX1QdGw9vzFKyDIsy-6lk$Umsuos8Ds', '2019-11-01 19:36:02', '2019-11-01 19:36:02'),
('STA04', 'Xp,5!jRQ,5DE_iYR_*-7hY0PGho3z7WPPx7Nk', '2019-11-01 19:39:45', '2019-11-01 21:31:24'),
('STA12', '5LAFoG9k2HY0BQfUYqx,Zx6cyizf3juVRJ-iqeJr2t', '2019-11-01 19:37:09', '2019-11-01 21:21:21'),
('PAN005', 'zcZ$u6xg,DGjDsWc3SPaUY8ro3i2nw2IftVz,MYOsvkks', '2019-11-01 19:42:27', '2019-11-01 21:04:26'),
('STA04', '6tYgofzvFH!lHiDB58hPOaicszU0zLVRWqga05p4YEMG_X', '2019-11-01 20:26:10', '2019-11-01 21:34:36'),
('STA17', 'YyHKW,RVPhA6ucmNsdNoXzVW*ZIq!3NA6FzTjo5Ba$', '2019-11-01 19:43:03', '2019-11-01 19:43:03'),
('STA04', '5aLR*qs5VHQ!$*XCTSUOysNGcaG2ofJ8x7XnrtaW_5DuNF6nw', '2019-11-01 19:56:33', '2019-11-01 21:34:48'),
('STA18', 'hsmCJpBVG7ih!GP-!I09h4Cj!5,fD2aA8CNe5Hsu', '2019-11-01 20:15:07', '2019-11-01 21:30:36'),
('STA15', '5ZU!W1Oj,Z-BQUSgPTBEl,WMFZT8_5d9LTGxJQ*9', '2019-11-01 19:53:55', '2019-11-01 21:17:58'),
('STA09', 'iZS3Osf*WDD,8NO*!t4RMv726lUv0qHQ3-,X0hV3UkM7!E', '2019-11-01 19:56:42', '2019-11-01 21:24:28'),
('STA20', 'OvrUsC-TCZj7yU6gvKwkBnn9lAVJOcD9_C6,tZhiFIF', '2019-11-01 20:17:24', '2019-11-01 21:25:47'),
('STA10', 'SrlqdsAAqPBY419SZtZ9vQs8uk,PIQM_sDAS4ypcGJptpASqF', '2019-11-01 20:28:55', '2019-11-01 20:28:55'),
('STA14', 'rPSeM7g*-XYqE$MRDDdS_vGBKeUA5WJi9RO6NPfGLrpDK-$Iy', '2019-11-01 20:38:08', '2019-11-01 20:41:14'),
('ID1', '50clQg5iiA7KMvuvI3$nvpTo1,NAXeLOv0j4Va6syjp4Xt', '2019-11-01 20:41:37', '2019-11-01 20:52:54'),
('ID3', 'NdTeagdUE-!_UHM3q8tU,tvxtNrwfnyoak!l6!MhOfoq*GwkZ', '2019-11-01 20:58:23', '2019-11-01 20:59:01'),
('PAN005', 'Xynyl*UoRYcd6Q7Dd4vEyeFEHYZzPn95lBD7Qu-P', '2019-11-01 21:07:50', '2019-11-01 21:08:56'),
('GAM04', 'J9QDDJsVh,vK$yBDS6lqLcgY9YaG80wW6z-G*wX', '2019-11-01 21:11:10', '2019-11-01 21:37:37'),
('ICN4444', 'yEW,Tn-PDwTQ152cDYkaCTFeDtXcU6*at8xl2KmaCJFqOmyHS5', '2019-11-01 21:27:59', '2019-11-01 21:28:06'),
('STA17', '8GyVpzCTCG-AJLs9piS30Js7ev$5ARlB_DfsHz6urd', '2019-11-01 21:34:57', '2019-11-01 21:39:51');

-- --------------------------------------------------------

--
-- Struktur dari tabel `Penukaran`
--

CREATE TABLE `Penukaran` (
  `timestamp` timestamp NOT NULL DEFAULT current_timestamp(),
  `fk_pengunjung` varchar(10) NOT NULL,
  `fk_item` varchar(10) NOT NULL
) ENGINE=MyISAM DEFAULT CHARSET=latin1;

--
-- Dumping data untuk tabel `Penukaran`
--

INSERT INTO `Penukaran` (`timestamp`, `fk_pengunjung`, `fk_item`) VALUES
('2019-10-29 06:26:49', 'ID2', 'ID4'),
('2019-10-29 07:10:34', 'ID2', 'ID2'),
('2019-10-31 00:42:06', 'ID2', 'ID2'),
('2019-11-01 03:03:08', 'ID2', 'ITM007'),
('2019-11-01 04:03:31', 'ID2', 'ITM007'),
('2019-11-01 21:02:09', 'ICN0357', 'ITM001');

-- --------------------------------------------------------

--
-- Struktur dari tabel `Peran`
--

CREATE TABLE `Peran` (
  `id` varchar(10) NOT NULL,
  `nama` varchar(20) NOT NULL,
  `skor_beri` int(11) DEFAULT NULL
) ENGINE=MyISAM DEFAULT CHARSET=latin1;

--
-- Dumping data untuk tabel `Peran`
--

INSERT INTO `Peran` (`id`, `nama`, `skor_beri`) VALUES
('PER01', 'Game', 100),
('PER02', 'Startup', 1),
('PER03', 'Panitia', 0),
('PER04', 'Pengunjung', 0),
('ID1', 'Game', 100),
('ID2', 'Startup', 1),
('ID3', 'Panitia', 0),
('ID4', 'Pengunjung', 0);

-- --------------------------------------------------------

--
-- Struktur dari tabel `Peserta`
--

CREATE TABLE `Peserta` (
  `id` varchar(10) NOT NULL,
  `uname` varchar(25) DEFAULT NULL,
  `pass` varchar(60) NOT NULL,
  `skor` int(11) DEFAULT 0,
  `fk_peran` varchar(10) DEFAULT NULL
) ENGINE=MyISAM DEFAULT CHARSET=latin1;

--
-- Dumping data untuk tabel `Peserta`
--

INSERT INTO `Peserta` (`id`, `uname`, `pass`, `skor`, `fk_peran`) VALUES
('id', 'uname', 'pass', 0, 'fk_peran'),
('STA01', 'almiramahsa9', '2T7bquL$', 0, 'PER02'),
('STA02', 'thecornells21', 'ku!Z3fJr', 9, 'PER02'),
('STA03', 'ervian2017', 'y5ZZXEOm', 3, 'PER02'),
('STA04', 'daudmuhajir11', 'dQxAkwtN', 23, 'PER02'),
('STA05', 'dimasdzakydd', 'sBhT2v*D', 0, 'PER02'),
('STA06', 'irenepriskilla21', 'eqWGrY', 24, 'PER02'),
('STA07', 'naufalprawiro1', 'EZjXtJv', 1, 'PER02'),
('STA08', 'eventtrack2019', '!Ouq*FE', 5, 'PER02'),
('STA09', 'patrickchristopher2597', '*1-j!bL4', 5, 'PER02'),
('STA10', 'klinikvaskularsurabaya', 'mps3fA69', 0, 'PER02'),
('STA11', 'riaanin315', 'Z,3y9c*', 0, 'PER02'),
('STA12', 'rama17051214028', 'O7PSAMu', 4, 'PER02'),
('STA13', 'pebiriavorenza55', 'IlXSNBhP', 7, 'PER02'),
('STA14', 'agungdimas1998', 'lPb2W_vD', 6, 'PER02'),
('STA15', 'ranusaputradewam', 'r9aLo_Vf', 13, 'PER02'),
('STA16', 'reforzajordaan', 'lPZHvw', 13, 'PER02'),
('STA17', 'admdigiz', 'O_ic1B', 5, 'PER02'),
('STA18', 'nurulainifr', 'YovoVIlG', 2, 'PER02'),
('STA19', 'alvianem169', '4$1hpjKC', 0, 'PER02'),
('STA20', 'edo', '9hBlMeHE', 3, 'PER02'),
('STA21', 'farahdhaifa', '!DYaqU-i', 1, 'PER02'),
('STA22', 'rnarsy', 'q9nJVTV7', 1, 'PER02'),
('GAM01', 'gametech', 'ECPFl0', 0, 'PER01'),
('GAM02', 'linimasa', '$uyKdwy', 0, 'PER01'),
('GAM03', 'kampoeng_dolanan', '3eFL3aMT', 0, 'PER01'),
('GAM04', 'crea', '$d3nbj', 0, 'PER01'),
('ICN0001', '*WkjdkNZ', '7*TdB_LH', 0, 'ID4'),
('ICN0002', 'taQg-w2I', 'SHof685o', 400, 'ID4'),
('ICN0003', 'kS9HFz*1', 'PdZrYhu7', 0, 'ID4'),
('ICN0004', 'k-c2Oebv', 'h83C8QAl', 0, 'ID4'),
('ICN0005', 'ON6jrLF-', '1zbgdvtv', 0, 'ID4'),
('ICN0006', 'Gv!MH2IE', 'ORUwnF!V', 0, 'ID4'),
('ICN0007', 'WZ8tGy_v', '!!SO,Ftt', 0, 'ID4'),
('ICN0008', 'bMTYR36f', 'HaITY1Me', 0, 'ID4'),
('ICN0009', '9An*oWpl', 'a1JYL6iq', 0, 'ID4'),
('ICN0010', '6jeGYl1I', 'EzoLa_UZ', 0, 'ID4'),
('ICN0011', 'iHe*qI2q', 'PBvL2j5r', 503, 'ID4'),
('ICN0012', 'I,0xD!Pp', 'rvmQBTzE', 0, 'ID4'),
('ICN0013', '6YZaSYGy', 'S9elgzeo', 0, 'ID4'),
('ICN0014', 'a6kR1hHr', 'GfARQXFZ', 0, 'ID4'),
('ICN0015', 'lIpxpGKE', 'xt-edjP-', 0, 'ID4'),
('ICN0016', '7JBz_HV$', 'ymiDBvFq', 0, 'ID4'),
('ICN0017', 'LrG!vUDz', 'OeyuHZbj', 1, 'ID4'),
('ICN0018', '0KaqmF-u', 'zP4$s*n0', 0, 'ID4'),
('ICN0019', 'ADZ3Pfww', 'DRXJuguk', 0, 'ID4'),
('ICN0020', 'u__JHAwo', 'syvl2SJC', 0, 'ID4'),
('ICN0021', 'Ws7TU!BN', 'kwA3K4DD', 0, 'ID4'),
('ICN0022', '28r9vpIL', '0EFm2yap', 1, 'ID4'),
('ICN0023', 'Hy,t!_hm', '6iZAkAaR', 0, 'ID4'),
('ICN0024', '5RYfc0u5', 'GwUwNk8E', 0, 'ID4'),
('ICN0025', 'Kf5Mm807', 'F$uK0S5v', 0, 'ID4'),
('ICN0026', 'pEfo-lsp', '2!WzPsZU', 0, 'ID4'),
('ICN0027', '07RXbU0l', '_qfXQwK0', 0, 'ID4'),
('ICN0028', '6WGGWBg1', '9c!PLLQj', 0, 'ID4'),
('ICN0029', 'I3t*a7BM', '4PhcnC,4', 703, 'ID4'),
('ICN0030', 'v5Vb3o,r', 'aHI$rCsK', 0, 'ID4'),
('ICN0031', '4Oon7YZB', '_$UzVOT3', 0, 'ID4'),
('ICN0032', '5vr8pBRE', 'T2Kv,q!j', 0, 'ID4'),
('ICN0033', 'MPBpyVs!', 'i2LFmRq*', 0, 'ID4'),
('ICN0034', 'ewDFlTaG', 'FwxG5!nH', 0, 'ID4'),
('ICN0035', 'ucm5w*EO', 'O_uml*cY', 2, 'ID4'),
('ICN0036', 'J!hp*2rr', 'ny!KVjce', 0, 'ID4'),
('ICN0037', '4h9WMLjh', 'pNFdScnS', 0, 'ID4'),
('ICN0038', 'lSU8yWp_', '*ky9_z63', 0, 'ID4'),
('ICN0039', 'F-6k-*r2', 'Lhpyx6wI', 3, 'ID4'),
('ICN0040', '-Ti,EElA', '2V$Uon,2', 100, 'ID4'),
('ICN0041', 'Cgun$6Wo', 'tKtx56Tf', 0, 'ID4'),
('ICN0042', 'w,bCEhE0', '1!zUu7jd', 0, 'ID4'),
('ICN0043', 'Y1yERl6r', '1D3K7$2b', 0, 'ID4'),
('ICN0044', 'OH6i1BBS', 'hs8HKCru', 0, 'ID4'),
('ICN0045', '1K1wQYlj', 'pTBifOWn', 0, 'ID4'),
('ICN0046', ',ZR5hUDX', '16u-TIwZ', 0, 'ID4'),
('ICN0047', 'ut1zLsII', '$795qPog', 0, 'ID4'),
('ICN0048', 'eI$ADtvJ', 'NEaGxaD,', 0, 'ID4'),
('ICN0049', 'Qb_,QH1f', 'xB_SI8PJ', 0, 'ID4'),
('ICN0050', 'KRGfMThO', 'SetAyz!d', 0, 'ID4'),
('ICN0051', 'qdkpz8U0', '-QwtAlRT', 0, 'ID4'),
('ICN0052', '8EIMBpEt', 'bKnVjnAK', 0, 'ID4'),
('ICN0053', 'g2$CEZsN', 'xXhbIMzz', 0, 'ID4'),
('ICN0054', 'u5bN3y,r', 'x!3a345Y', 0, 'ID4'),
('ICN0055', 'jL6CLZud', 'vSzv1MiY', 0, 'ID4'),
('ICN0056', 'ZpIO!Lff', ',rIWfa37', 303, 'ID4'),
('ICN0057', '1BoApuuI', 'x$i8o-OE', 0, 'ID4'),
('ICN0058', '$uNOVod8', '!AYlg9Zn', 0, 'ID4'),
('ICN0059', 'JHkuffDV', '33tAiYGK', 0, 'ID4'),
('ICN0060', '0Yamse6G', 'ZEH4N4PM', 0, 'ID4'),
('ICN0061', 'Hq2E43gs', 'SrbC2AG9', 0, 'ID4'),
('ICN0062', '_fJR7xoK', '915C*d72', 0, 'ID4'),
('ICN0063', 'zP9EyzPE', 'lJ030KVS', 0, 'ID4'),
('ICN0064', '$-3Gxu-,', 'fK9XqwPr', 0, 'ID4'),
('ICN0065', '2q9Cr0GA', 'XDChXS65', 0, 'ID4'),
('ICN0066', 'VJymB,1i', 'ZRoK9_!K', 0, 'ID4'),
('ICN0067', '01vmAfYQ', 'G_ZizrWJ', 0, 'ID4'),
('ICN0068', 'JhBNSnW,', 'NV6E-wjv', 0, 'ID4'),
('ICN0069', 'tjV90X*B', '02N,2an5', 0, 'ID4'),
('ICN0070', 'mxbPq$-B', 'H,Ekk$dX', 0, 'ID4'),
('ICN0071', 'c508fJry', '1xwNCp0A', 0, 'ID4'),
('ICN0072', '6bPXr0Fv', 'GfCsuiBx', 0, 'ID4'),
('ICN0073', '11BkOkmd', '6Z,2tVSo', 0, 'ID4'),
('ICN0074', 'gj*gj-5G', 'PB*A0l4i', 0, 'ID4'),
('ICN0075', 'IJYf1JIu', ',tqLyS-F', 0, 'ID4'),
('ICN0076', 'beB6!$yS', 'pNUu9z*,', 0, 'ID4'),
('ICN0077', 'QLz1QCnI', 'SJBX_sMd', 0, 'ID4'),
('ICN0078', 'f*8iyqFX', 'mgQ-,pCB', 0, 'ID4'),
('ICN0079', 'P2VYe9go', 'VXsU1mOT', 0, 'ID4'),
('ICN0080', 'XqW97-_A', 'iF5xnjOA', 0, 'ID4'),
('ICN0081', '2Rnk_bze', 'trEJJ!Xj', 0, 'ID4'),
('ICN0082', 'OA5Xpt-l', '4Qiil*tu', 0, 'ID4'),
('ICN0083', '5itQaRPV', 'B0Cq__M9', 0, 'ID4'),
('ICN0084', 'SkPp4SJ!', '!xPOlsap', 0, 'ID4'),
('ICN0085', 'Laltp*iT', 'K0*5XIFg', 0, 'ID4'),
('ICN0086', 'cD,NzG_i', 'QajJmd1H', 0, 'ID4'),
('ICN0087', 'y_oXu1s*', 'tDOqSkQO', 0, 'ID4'),
('ICN0088', '7la*l*C2', 'CqKO9Bec', 0, 'ID4'),
('ICN0089', 'NuOS9-_U', 'D1KW_6mg', 0, 'ID4'),
('ICN0090', 'alAi8j!F', 'b-xTP0Na', 0, 'ID4'),
('ICN0091', 'VqhQ3Kbi', 'FhZeQYSp', 0, 'ID4'),
('ICN0092', 'PZUN6nR,', 'qb7_OTE4', 0, 'ID4'),
('ICN0093', '8r0PBvYC', 'eP,jyP_7', 0, 'ID4'),
('ICN0094', '2rY$YUWh', '$uM-h1iq', 0, 'ID4'),
('ICN0095', 'e5S7bTje', 'E-gq2zld', 0, 'ID4'),
('ICN0096', 'vA7O0PB1', 'rQYvxbj-', 0, 'ID4'),
('ICN0097', '7BuX!zYS', 'Y7mRqN!w', 0, 'ID4'),
('ICN0098', 'fqS-$OV3', '-v06Ox_7', 0, 'ID4'),
('ICN0099', 'wq7YAsl1', 'wvDbsKtH', 0, 'ID4'),
('ICN0100', 'ZU6ia_Rn', 'ik1qdeg3', 0, 'ID4'),
('ICN0101', 'NQ$4,aig', 'H!F33Hux', 0, 'ID4'),
('ICN0102', 'D8*IZER*', 'UPMPztNI', 0, 'ID4'),
('ICN0103', 'nhgsQjwl', 'F1bwofQ3', 0, 'ID4'),
('ICN0104', 'FxharCNC', 'b1T7$DT,', 0, 'ID4'),
('ICN0105', '4RCh970-', '7Lzx9_Qt', 0, 'ID4'),
('ICN0106', 'eJqzGo9w', 'Q7MNJD6J', 2, 'ID4'),
('ICN0107', '2MVqpwyF', 'KSjYJMrM', 0, 'ID4'),
('ICN0108', 'pSB1m$C!', '8cJXJqiw', 0, 'ID4'),
('ICN0109', 'qV$cD3xD', 'u7MEiaD-', 0, 'ID4'),
('ICN0110', 'YGte9jI!', 'md9eF!ti', 0, 'ID4'),
('ICN0111', 'THqSsW3g', 'QKj$_v62', 0, 'ID4'),
('ICN0112', 'lSx_J8Zq', 'covULlKt', 0, 'ID4'),
('ICN0113', 'gUX3F-oN', 'X7TMLnKK', 0, 'ID4'),
('ICN0114', '_q5sC!Dw', '4nHh9YdE', 0, 'ID4'),
('ICN0115', 'DBxFvZg7', 'lmTlALH3', 0, 'ID4'),
('ICN0116', 'Z2zvuAqU', '*miHEcAR', 0, 'ID4'),
('ICN0117', 'RWuVuW7D', 'YRdFOSsW', 0, 'ID4'),
('ICN0118', 'd8Mdbma-', 'BeDssHJA', 0, 'ID4'),
('ICN0119', 'Xvd$jUc,', 'I99cMq62', 0, 'ID4'),
('ICN0120', '5VH,SCwj', 'G3B*0!tZ', 0, 'ID4'),
('ICN0121', 'FE1iicp6', 'PbjQlAH6', 0, 'ID4'),
('ICN0122', '4kFra,KA', 'j0t-TeWM', 0, 'ID4'),
('ICN0123', 'mFp6oEDt', 'd,lTo8z3', 0, 'ID4'),
('ICN0124', 'IWF!UxE0', '8ajcJuPD', 2, 'ID4'),
('ICN0125', 'dZPRABUs', 'sUUWSEVU', 0, 'ID4'),
('ICN0126', '9Kogx0PC', 'i4z,JcZ,', 0, 'ID4'),
('ICN0127', 'mruI2rNL', 'pqRpkrI3', 0, 'ID4'),
('ICN0128', 'SaKA6KLi', '91pkJvkR', 0, 'ID4'),
('ICN0129', 'ydJvvLxJ', 'aU8fue0j', 0, 'ID4'),
('ICN0130', 'pu1HB_N-', 'r6x7nzTU', 0, 'ID4'),
('ICN0131', 'IX5V3GZu', '72ZDCJ$g', 0, 'ID4'),
('ICN0132', '*0F6rRpP', 'mMIpl_Aq', 0, 'ID4'),
('ICN0133', 'dxbTu3Fs', '$n$T*6Er', 0, 'ID4'),
('ICN0134', '1aWDH*xT', 'eK86G!Fr', 0, 'ID4'),
('ICN0135', 'bFylpI!b', 'waYdf-UK', 0, 'ID4'),
('ICN0136', '4HD7EGCO', 'rdHdhHPH', 0, 'ID4'),
('ICN0137', 'f$-Yk!Nr', 'RJQwzaMl', 0, 'ID4'),
('ICN0138', 'oxL0frPg', 'JeoRQ5,R', 0, 'ID4'),
('ICN0139', '*S02FGi3', 'vT4XjTbY', 0, 'ID4'),
('ICN0140', 'bIjGnGhH', 'wag*2jmt', 0, 'ID4'),
('ICN0141', 'Ur_743HX', 'TylsH!Kz', 0, 'ID4'),
('ICN0142', ',tGx3a,d', 'GXa5_!vl', 0, 'ID4'),
('ICN0143', 'cDVhWhjw', '6MSgE2iw', 0, 'ID4'),
('ICN0144', 'ZgcI7H3z', 'sUF*-kL2', 0, 'ID4'),
('ICN0145', '4UjRnaLr', 'Z8Tq_ghM', 0, 'ID4'),
('ICN0146', 'BboWCpEN', 'FVTy4WDz', 0, 'ID4'),
('ICN0147', '$GtWwMV_', '27BvcNE6', 0, 'ID4'),
('ICN0148', '3TDzDNR_', 'qrSoEcTp', 1, 'ID4'),
('ICN0149', 'Bm07pUBb', 'FTQEF2fT', 0, 'ID4'),
('ICN0150', 'orzr0fcs', 'j2rrMEwJ', 0, 'ID4'),
('ICN0151', 'oHYlnxc1', 'd$yw-!9$', 0, 'ID4'),
('ICN0152', 'kbHbJKjE', 'yuhrsOMw', 0, 'ID4'),
('ICN0153', '6NMoq8oa', '5ht4JV2V', 0, 'ID4'),
('ICN0154', 'ZF*xvjFi', '*0xNOitA', 0, 'ID4'),
('ICN0155', 'ErsfFu7i', '4AaTIB!e', 0, 'ID4'),
('ICN0156', '!,!dJGr3', 'JXkRzzTP', 0, 'ID4'),
('ICN0157', 'JTcPlZWm', 'NiaXiVzT', 0, 'ID4'),
('ICN0158', '-FCTSQq5', ',xVNtFBP', 0, 'ID4'),
('ICN0159', 'H,$bTgKF', 'ChPLYZL*', 0, 'ID4'),
('ICN0160', '_y-qO7vF', 'JGrOWIHm', 0, 'ID4'),
('ICN0161', 'Seq0Ong5', 'Jp_55113', 0, 'ID4'),
('ICN0162', 'bbAd,7aT', '1vbvlAlw', 0, 'ID4'),
('ICN0163', 'Cwc18P0w', 'iEpcdvTp', 0, 'ID4'),
('ICN0164', 'EgDsbquF', 'rh6isMIn', 0, 'ID4'),
('ICN0165', '132sR36i', 'ixeTqzdJ', 0, 'ID4'),
('ICN0166', 'YZMfblEd', '6TQO!t4P', 0, 'ID4'),
('ICN0167', 'Q*Ol7i7a', 'BRC9Vq1$', 0, 'ID4'),
('ICN0168', 'vVIXiyUH', '8VjBEu!5', 0, 'ID4'),
('ICN0169', 'kLfSazCK', 'aj5p*gnG', 0, 'ID4'),
('ICN0170', 'DsKZjpI$', 'YFSw,9iW', 0, 'ID4'),
('ICN0171', '4G_BIZH,', 'LCn-kfoR', 0, 'ID4'),
('ICN0172', 'UGxSD12M', 'It$9*PuZ', 0, 'ID4'),
('ICN0173', 'AfVtssrK', 'k$YoVF!l', 0, 'ID4'),
('ICN0174', 'GuMbBV*n', '8yBf2P_n', 0, 'ID4'),
('ICN0175', '0NJ_4Z7I', 'a13zVZ6z', 0, 'ID4'),
('ICN0176', '3j8dSwMZ', 'DB,!LlAv', 0, 'ID4'),
('ICN0177', 't4S92_jU', '!aPm2IBO', 0, 'ID4'),
('ICN0178', 'vxFBAFYF', 'PRHAVnlM', 0, 'ID4'),
('ICN0179', '6QWGXAdh', 'Bn!0WqpZ', 0, 'ID4'),
('ICN0180', '$7Lkp0,D', '1NbppG!!', 3, 'ID4'),
('ICN0181', 'x7BQDgk_', 'GjykU,hF', 0, 'ID4'),
('ICN0182', 'i6mLVivl', 'JmVxdkHP', 1, 'ID4'),
('ICN0183', 'tk9AbXR-', 'qQR0M90s', 0, 'ID4'),
('ICN0184', 'sFYYvs$L', 'PVT1yxxV', 0, 'ID4'),
('ICN0185', 'otkhVdSb', '5yvwF5aJ', 1, 'ID4'),
('ICN0186', 'NkiISVlI', 'hGJAvNye', 0, 'ID4'),
('ICN0187', 'GQM5LnCx', 'wE0JDQbL', 0, 'ID4'),
('ICN0188', 'uNq,xGq7', 'Vo45FyXm', 0, 'ID4'),
('ICN0189', 'EszHAdS8', 'W-iHJW1z', 0, 'ID4'),
('ICN0190', 'Sszgrg_y', ',-Bysa-z', 0, 'ID4'),
('ICN0191', 'FT5DdQg_', 'WiFO!Ywf', 0, 'ID4'),
('ICN0192', 'GebStZVb', 'XAFZ51!m', 0, 'ID4'),
('ICN0193', '-lzj68oE', 'VPTENLTS', 0, 'ID4'),
('ICN0194', 'VmgOW!Gf', 'bGx,99cD', 0, 'ID4'),
('ICN0195', 'L2YbcFEP', '4f-RecYZ', 0, 'ID4'),
('ICN0196', 'VJf4B7O5', 'gUSI!VM,', 303, 'ID4'),
('ICN0197', 'jbsGLJyJ', 'hU6ZRvrZ', 0, 'ID4'),
('ICN0198', 'jqOBhS8U', 'Bc-Rb,6W', 0, 'ID4'),
('ICN0199', 'JZ!hNiXH', ',P6tmpDJ', 0, 'ID4'),
('ICN0200', 'U$gNbqbc', 'BlyM1N44', 402, 'ID4'),
('ICN0201', '7SmCs-8-', 'K1vtzkUP', 0, 'ID4'),
('ICN0202', 'ocVXFKOP', 'dO6mZRYB', 0, 'ID4'),
('ICN0203', 'TkHJbaBP', 'cp3AT9dv', 0, 'ID4'),
('ICN0204', 'O0hNNW*1', 'gNYQMSlC', 0, 'ID4'),
('ICN0205', 'GxSk26KI', 'E_-S9wje', 0, 'ID4'),
('ICN0206', 'Az23,4DX', 'Vpe6QPwh', 0, 'ID4'),
('ICN0207', 'GAV7t2Iy', 'kWbKSW--', 0, 'ID4'),
('ICN0208', 'ZSnu!yUb', '_qd2C6G3', 0, 'ID4'),
('ICN0209', '16dNmS7G', 'mJjV96RC', 0, 'ID4'),
('ICN0210', '33!6c8Cd', 'M5Mv$O*8', 0, 'ID4'),
('ICN0211', '4EOqHqkl', 'rrcv_f2,', 0, 'ID4'),
('ICN0212', 'Cs8B5by!', 'ZFV6T_Jc', 0, 'ID4'),
('ICN0213', 'KaI04eXe', 'DUrNQ25P', 0, 'ID4'),
('ICN0214', '2Mg9EpVw', 'coUkmsyu', 0, 'ID4'),
('ICN0215', 'ogBaRWtS', 'HBYw3mxS', 0, 'ID4'),
('ICN0216', 'Q!INWY12', '4TzTnqlL', 0, 'ID4'),
('ICN0217', 'UFN5M3mb', 'J-2vq61g', 0, 'ID4'),
('ICN0218', 'iAlrMTdh', 'H7ZzizAf', 0, 'ID4'),
('ICN0219', 'd27zAIL4', 'HbHpHyfB', 0, 'ID4'),
('ICN0220', '6GESq*dv', 'YV35b_be', 0, 'ID4'),
('ICN0221', '7yYKKXjz', '_BrSK$As', 0, 'ID4'),
('ICN0222', 'I,4-T4Ak', 'MA6U7uQV', 0, 'ID4'),
('ICN0223', '$ZU4KILw', 'FMch_j0S', 0, 'ID4'),
('ICN0224', 'epFee-7n', 'y*C8VW_v', 0, 'ID4'),
('ICN0225', 'Jp-XhpUK', 'n_G*v9DR', 0, 'ID4'),
('ICN0226', 'Nj9eGMf9', 'lAtN*CSa', 0, 'ID4'),
('ICN0227', '2w*ToT_0', 'v9y!_y$y', 0, 'ID4'),
('ICN0228', '7A2meDao', 'oUneA$i0', 0, 'ID4'),
('ICN0229', 'YOVAk_mK', 'ACC20B8L', 0, 'ID4'),
('ICN0230', '--NoXHDl', 'A_b5dAMM', 0, 'ID4'),
('ICN0231', 'E-5Bn8Dz', 'UGaIs5zs', 0, 'ID4'),
('ICN0232', 'WxDkaXH7', 'Zgw$B4Ln', 0, 'ID4'),
('ICN0233', 'ZiP!889*', 'zj$CKxuD', 0, 'ID4'),
('ICN0234', 'MCd8WU6Z', '07R2CT8y', 0, 'ID4'),
('ICN0235', 'Gh,L6WvZ', 'L84xBmno', 0, 'ID4'),
('ICN0236', 'N4YulrSD', 'H6bNx3vd', 100, 'ID4'),
('ICN0237', 'wZU34iBo', 'h1UW1an3', 0, 'ID4'),
('ICN0238', 'JGVF3ttv', 'nsaWFQsk', 0, 'ID4'),
('ICN0239', 'JBB4ymEF', 'yuAegNf4', 0, 'ID4'),
('ICN0240', 'jZEG2fJU', 'g!5TcmPP', 0, 'ID4'),
('ICN0241', 'ppzMn0Mi', 'iHq$rxJH', 0, 'ID4'),
('ICN0242', 'Otqf6va,', '14jQjwvU', 0, 'ID4'),
('ICN0243', 'kYuoCA6M', '3mlTzb!n', 0, 'ID4'),
('ICN0244', 'jX,YDvoA', '-3EIy,WG', 1, 'ID4'),
('ICN0245', 'Sl97YL1d', 'ob_44g0$', 0, 'ID4'),
('ICN0246', '6H*2PJpX', 'g4MLRUgc', 0, 'ID4'),
('ICN0247', 'dcvTVY3U', '0FpiLFt8', 0, 'ID4'),
('ICN0248', 'UfBPMB08', 'T2-Qzc_$', 0, 'ID4'),
('ICN0249', 'usuTXcNE', '$js3lEES', 0, 'ID4'),
('ICN0250', 'lgu-NdzA', ',Mf1WuV5', 0, 'ID4'),
('ICN0251', '05N_xBwW', 'DQ4Ap-8_', 0, 'ID4'),
('ICN0252', '8SrWQV-P', 'PeA!_*$3', 0, 'ID4'),
('ICN0253', 'oECU_2w1', 'I-RBRYuK', 0, 'ID4'),
('ICN0254', '3jgNDLU5', '4bhJM19F', 100, 'ID4'),
('ICN0255', 'xtxJo7bb', '311EMOni', 0, 'ID4'),
('ICN0256', 'kIfLPwgF', 'rB7BJGNW', 0, 'ID4'),
('ICN0257', 'Blv8rQwe', 'yRCd4NCA', 0, 'ID4'),
('ICN0258', 'eIZXg-b5', 'dKH3gp8C', 0, 'ID4'),
('ICN0259', 'uG6Y!eoZ', 'viJHpPxs', 0, 'ID4'),
('ICN0260', 'Hm*$YuDf', 'gXmLRAQy', 0, 'ID4'),
('ICN0261', 'ssrH5f_w', 'FVV-_QmI', 0, 'ID4'),
('ICN0262', 'D3wyj0y0', 'a36ujd63', 1, 'ID4'),
('ICN0263', 'q7ua1oQV', 'VgFV9oWj', 0, 'ID4'),
('ICN0264', 'chvASQR!', 'f7EM*KOa', 0, 'ID4'),
('ICN0265', 'pooBPCSe', 'HNDEveQM', 0, 'ID4'),
('ICN0266', '1u-kU8RU', 'rb2v46xk', 0, 'ID4'),
('ICN0267', '3WiUPzfz', 'wqX!8lZR', 0, 'ID4'),
('ICN0268', 'n,_ct0Ze', 'B*xXJ,*r', 0, 'ID4'),
('ICN0269', 'bhXj0W$W', 'kvsJz5mr', 0, 'ID4'),
('ICN0270', '0nqqY4D*', 'zYCV8AYp', 1, 'ID4'),
('ICN0271', '-9FfK3p2', 'MphMbVG8', 0, 'ID4'),
('ICN0272', 'bGqvhzAQ', 'niXaW3y6', 0, 'ID4'),
('ICN0273', 'E$mO,a18', '22b!cKx1', 4, 'ID4'),
('ICN0274', '0D8nuSh1', 'NvbsT7xq', 0, 'ID4'),
('ICN0275', 'aps*k2Jq', 'yhRdqoay', 0, 'ID4'),
('ICN0276', 'j$jcK1E-', '9bopi6Xv', 0, 'ID4'),
('ICN0277', 'Y4LE_k!p', '!lPOVLTy', 0, 'ID4'),
('ICN0278', 'XyhmmHy*', 'rkrTmEYK', 0, 'ID4'),
('ICN0279', '!*f-oA09', 'kyEXNIoi', 0, 'ID4'),
('ICN0280', 'RFi,!Mc1', 'Zzb4E4Sh', 1, 'ID4'),
('ICN0281', 'OtJN,$Pr', 'paAvr0sc', 0, 'ID4'),
('ICN0282', 'Riz7Gyuq', 'OtpqU$Xz', 4, 'ID4'),
('ICN0283', 'c,dToq2F', 'vR34eH6$', 0, 'ID4'),
('ICN0284', 'QP_MyW9S', 'xI4GTT6A', 0, 'ID4'),
('ICN0285', 'mE2BFU*C', 'PAfnAOT7', 0, 'ID4'),
('ICN0286', 'X6xSjuBc', 'PSblYByq', 0, 'ID4'),
('ICN0287', 'f_kl,mCq', 'JOH7ha8H', 0, 'ID4'),
('ICN0288', '0TR5$7HR', 'qb6EcbTz', 0, 'ID4'),
('ICN0289', 'EVc$I30,', 'nIJx$M!0', 0, 'ID4'),
('ICN0290', '2buiMffU', 'fgQxoixX', 103, 'ID4'),
('ICN0291', '4$GI0Bp_', 'TJLwvTX5', 0, 'ID4'),
('ICN0292', 'U_P_p4rF', 'vOhl7K81', 0, 'ID4'),
('ICN0293', 'y8o$izxX', '5er!xq4y', 1, 'ID4'),
('ICN0294', ',Tj0gWXH', '3XzcKRf9', 0, 'ID4'),
('ICN0295', 'WvsHKp*u', 'Kz9VyGoD', 0, 'ID4'),
('ICN0296', 'iXexi7g5', 'ZGd36Nba', 0, 'ID4'),
('ICN0297', '9In4OBDp', 'iRv4tDtr', 1, 'ID4'),
('ICN0298', 'HPEQNySS', 'DbL_,bSO', 0, 'ID4'),
('ICN0299', 'qpMhH$7N', 'Lhs9ILnZ', 3, 'ID4'),
('ICN0300', 'I9axrweE', 'dLLZB_Zc', 0, 'ID4'),
('ICN0301', 'eqQMo-MY', '!51UCn*D', 0, 'ID4'),
('ICN0302', 'DArjQ$,s', '9f$VF7aE', 0, 'ID4'),
('ICN0303', '3aY6wAym', '$XyFTxY-', 0, 'ID4'),
('ICN0304', '4!,9AMO!', 'ItSikj6Q', 0, 'ID4'),
('ICN0305', 'i,uFAj8p', 'iTxwEgeV', 1, 'ID4'),
('ICN0306', 'gv6T,Zr_', 'vQ,7KknY', 0, 'ID4'),
('ICN0307', 'SGJMVdku', 'gBNb_PTS', 0, 'ID4'),
('ICN0308', 'CZGyG8tO', '19PQYdET', 0, 'ID4'),
('ICN0309', 's9L8$c3r', 'j9GEZTI1', 0, 'ID4'),
('ICN0310', 'LiHl9M0$', '8Ssnl$!!', 0, 'ID4'),
('ICN0311', '9y1r8Xn6', 'uPRZPK6j', 0, 'ID4'),
('ICN0312', '4xmXkuRo', 'TyK8Q1sP', 0, 'ID4'),
('ICN0313', 'xxjBdZnS', 'DXQ,mEuW', 0, 'ID4'),
('ICN0314', '2CAMTUrM', '_nsDy_ju', 0, 'ID4'),
('ICN0315', 'gjr8aEx0', '81jKe*mY', 0, 'ID4'),
('ICN0316', 'Y-t5bJDc', ',*laopJ6', 0, 'ID4'),
('ICN0317', 'Wyl6HHzw', '1MvlksKA', 0, 'ID4'),
('ICN0318', 'GxUlIFpU', 'si2,wv!P', 0, 'ID4'),
('ICN0319', '5Ctf94nE', 'j,WlCZM2', 0, 'ID4'),
('ICN0320', 'Q0JWuF8*', 'mqc0!LtO', 101, 'ID4'),
('ICN0321', 'RGXXkiGb', '09EBPqZV', 0, 'ID4'),
('ICN0322', 'T,2d2SQO', 'mc31UKL5', 0, 'ID4'),
('ICN0323', '8Y1-$iNr', 'RwR1c_tN', 500, 'ID4'),
('ICN0324', 'TEhvOose', 'V7ELcV7j', 0, 'ID4'),
('ICN0325', 'Y5vxO,uk', '1q9DBY-f', 0, 'ID4'),
('ICN0326', 'Jzbp6YfO', 'rL2ap6Mt', 0, 'ID4'),
('ICN0327', ',bbiygxh', 'lLzNjdst', 0, 'ID4'),
('ICN0328', '_ct-JMhj', 'ckBpzGzI', 0, 'ID4'),
('ICN0329', '7gz4PaxE', 'rS-IB*zo', 0, 'ID4'),
('ICN0330', 'VJh2GBl5', 'IPL,acii', 0, 'ID4'),
('ICN0331', '9l,wr9C3', 'lxZnOYak', 0, 'ID4'),
('ICN0332', '5dpVZo_*', '-e8!VQdv', 0, 'ID4'),
('ICN0333', 'HZgsCxux', 'H1H6,Jl-', 0, 'ID4'),
('ICN0334', 'f6aykHCV', 'By67FuXW', 0, 'ID4'),
('ICN0335', 'SftLPeV8', 'UDHQ9cpB', 0, 'ID4'),
('ICN0336', '_5NDmAAN', 'q$Wk3a85', 0, 'ID4'),
('ICN0337', 'VvBoDVN0', '96ciPIh7', 0, 'ID4'),
('ICN0338', 'MR6JyTI4', ',5PgVfA9', 0, 'ID4'),
('ICN0339', '$tCQgmzu', 'iyT!aoRH', 0, 'ID4'),
('ICN0340', 'ArTS2$ev', 'SteMrh-d', 0, 'ID4'),
('ICN0341', 'tanZwEQh', 'vQeOA*0m', 0, 'ID4'),
('ICN0342', '8lHKTIR!', 'LfskMZLO', 0, 'ID4'),
('ICN0343', 'S_5TZf1r', 'y2bBmYCW', 0, 'ID4'),
('ICN0344', 'oc8S3QZ!', 'rgyQxQFg', 0, 'ID4'),
('ICN0345', '-ltud*$V', 'e,,_uUVv', 0, 'ID4'),
('ICN0346', 'WV-ufG47', 'Q8hgSNSO', 0, 'ID4'),
('ICN0347', 'OcarOYEV', '5bXgq_$*', 0, 'ID4'),
('ICN0348', 'DXUn2naj', '$RzAo4P,', 0, 'ID4'),
('ICN0349', 'T1jS3xEY', 'p6bhnRo!', 0, 'ID4'),
('ICN0350', 'G4MhCwhp', '27gPLdyB', 0, 'ID4'),
('ICN0351', 'PullVnyP', 'OWQnwORi', 0, 'ID4'),
('ICN0352', 'EXXTcuV4', 'LhKhnjTr', 0, 'ID4'),
('ICN0353', 'n-VA$8Au', 'z,jFFXk8', 3, 'ID4'),
('ICN0354', 'k5KUUbr0', 'LH5qi7zF', 0, 'ID4'),
('ICN0355', 'U5PpBHW$', 'bT*wboiy', 0, 'ID4'),
('ICN0356', 'JZlzSSNQ', 'zZo6P$Bk', 0, 'ID4'),
('ICN0357', 'WZ3PWqpO', 'hyFZFEuu', 0, 'ID4'),
('ICN0358', '3!$1gAvP', '1zr39K-G', 0, 'ID4'),
('ICN0359', 'VIkjDuqC', 'dOSO$Lwq', 0, 'ID4'),
('ICN0360', 'kvjW$tjR', 'tTxir8Iu', 0, 'ID4'),
('ICN0361', 'dRkg_vU9', 'k9vb,PBl', 0, 'ID4'),
('ICN0362', '1kqrZc!$', 'NHp65qz_', 0, 'ID4'),
('ICN0363', '6MKAkeKu', 'VKk3YPT2', 0, 'ID4'),
('ICN0364', 'H!V_pNVO', 'GCER6yoD', 0, 'ID4'),
('ICN0365', 'crVufxHg', 'b7Uf0vhy', 0, 'ID4'),
('ICN0366', 'ELMyX$XZ', 'vdowFL7c', 0, 'ID4'),
('ICN0367', 'sPHsWowR', 'ZmKI6Mli', 1, 'ID4'),
('ICN0368', 'C6zI8u-6', '9,qr9tY-', 0, 'ID4'),
('ICN0369', 'RVf*UGt-', 'YKXCUjfa', 0, 'ID4'),
('ICN0370', '7bBcu1g_', '5en5IAV-', 0, 'ID4'),
('ICN0371', 'h-CJ2JdN', '1LbjSKD6', 200, 'ID4'),
('ICN0372', 'g$_*n2at', 'q6VHRYAY', 0, 'ID4'),
('ICN0373', 'wtQ2zR,S', 'N8u*TDNQ', 0, 'ID4'),
('ICN0374', 'VlsxbZr-', 'FPPv5i9h', 0, 'ID4'),
('ICN0375', 'oj7jKMIt', 'M*vVrz2p', 0, 'ID4'),
('ICN0376', 'Cts7ndlA', 't$yP,0sB', 2, 'ID4'),
('ICN0377', 'F6DYKQif', '7!tjuWi5', 0, 'ID4'),
('ICN0378', '8,sfaaxn', 'I!xKJZ36', 0, 'ID4'),
('ICN0379', 'bkgXlIkG', 'EtWSaWug', 0, 'ID4'),
('ICN0380', 'xPk7LsWr', 'TJPOx8ES', 0, 'ID4'),
('ICN0381', 'GtJMrU9e', '$vq6CZz1', 0, 'ID4'),
('ICN0382', 'YX6q1hLH', 'Gnzhi5nb', 0, 'ID4'),
('ICN0383', 'XSn0lQS3', 'N4o$5v_n', 0, 'ID4'),
('ICN0384', 'B0JpcaON', 'YxGF5va4', 0, 'ID4'),
('ICN0385', 'CQVja1Gt', 'DANu51$t', 0, 'ID4'),
('ICN0386', 'i8-20tvV', 'yb2NVACR', 0, 'ID4'),
('ICN0387', '4XoC0rTA', 'i-bfHNEg', 0, 'ID4'),
('ICN0388', 'MyrmER$L', '0IGVhbbD', 0, 'ID4'),
('ICN0389', 'wKLnfXJs', 'mkROfsLn', 0, 'ID4'),
('ICN0390', '0jftrN-t', 'zJaZTyDQ', 0, 'ID4'),
('ICN0391', 'PWyoP$B-', 'J-iIDeGU', 1, 'ID4'),
('ICN0392', 'EEdqlHuy', 'dM5vF*!M', 0, 'ID4'),
('ICN0393', 'ZZNx8mDi', 'ZtxFX0lF', 0, 'ID4'),
('ICN0394', 'hY7vPxRt', 'dhA7Ofr1', 0, 'ID4'),
('ICN0395', 'QTzGS*db', 'Gn_X-Bvs', 0, 'ID4'),
('ICN0396', '1-LC,yzc', 'bdN_iCvJ', 0, 'ID4'),
('ICN0397', 'mWu8_nIo', 'xTVbKWpR', 0, 'ID4'),
('ICN0398', ',O02SvKA', 'JP5E4Gfj', 0, 'ID4'),
('ICN0399', 'OHeMo0Xa', 'HcRdDqRs', 0, 'ID4'),
('ICN0400', '!-NH,jM6', 'a3YxPm$0', 0, 'ID4'),
('ICN0401', 'JdaqVycC', 'vj6Ttv-T', 0, 'ID4'),
('ICN0402', 'n8D9le0L', 'a0*8Yard', 0, 'ID4'),
('ICN0403', 'AJ!pSCfH', 'PxlCBt*y', 0, 'ID4'),
('ICN0404', 'fS19o!-m', 'JqLzAcbw', 202, 'ID4'),
('ICN0405', ',VJUW3OI', '0wsGs9,-', 0, 'ID4'),
('ICN0406', 'tv0Z5xvQ', 'F42MeVZT', 0, 'ID4'),
('ICN0407', '3SuuLVFk', 's_nQd7h-', 100, 'ID4'),
('ICN0408', ',dr8bzWz', 'Q0nZIf_L', 0, 'ID4'),
('ICN0409', 'DOBOBuq3', 'uu3fWJhf', 0, 'ID4'),
('ICN0410', 'o6,zHRv!', '-UcVXpT$', 0, 'ID4'),
('ICN0411', 'CCJ_SGAO', '-A8nKZEC', 0, 'ID4'),
('ICN0412', '4cG7i25d', 'p!PTCKH3', 0, 'ID4'),
('ICN0413', 'XMcUwdHd', '-H5867j!', 0, 'ID4'),
('ICN0414', '8T5iSDMj', '9NhYIsHs', 0, 'ID4'),
('ICN0415', 'do!E1J43', 'XIvyQm5i', 0, 'ID4'),
('ICN0416', 'AgUXAmM-', 'KCHOSS2V', 0, 'ID4'),
('ICN0417', 'YjrhAiYx', '8KLkYkOY', 0, 'ID4'),
('ICN0418', 'dX2y6Ra*', 'cx47Ce_U', 0, 'ID4'),
('ICN0419', '!W2rHXBJ', 'e!vHuqCn', 0, 'ID4'),
('ICN0420', 'WBIDvNyt', '5Dr12iqg', 0, 'ID4'),
('ICN0421', '7wcfTweI', 'geIsq$2d', 0, 'ID4'),
('ICN0422', 'HzWl!G-K', 'RNrfHb!y', 0, 'ID4'),
('ICN0423', 'jIaXzwLx', 'MuYWy4RO', 202, 'ID4'),
('ICN0424', 'DZ,KNOZt', 'PuCeyogJ', 0, 'ID4'),
('ICN0425', 'vrevTcu7', '1n0,cwYG', 0, 'ID4'),
('ICN0426', 'P,gq1AJN', '2Iy1N7Tz', 0, 'ID4'),
('ICN0427', 'n76PaXta', 'z_w5MFcS', 0, 'ID4'),
('ICN0428', 'lsGXanFu', 'XEHhwsSP', 0, 'ID4'),
('ICN0429', '8oFWxh$K', 'BmNGNSgk', 0, 'ID4'),
('ICN0430', 'rBExePDc', 'r9nKFIff', 0, 'ID4'),
('ICN0431', '8dTN0vW_', 'Iy2BJ$tH', 0, 'ID4'),
('ICN0432', 'NWiOfvIX', '5zLechzS', 0, 'ID4'),
('ICN0433', '*-E6TD*I', 'zlNlhk!q', 0, 'ID4'),
('ICN0434', 'oi1F0Gkk', '-makw8N3', 0, 'ID4'),
('ICN0435', 'z!!Y0Ym5', 'HaNBuLq8', 0, 'ID4'),
('ICN0436', '4FrcLmN$', 'NosgF,*W', 0, 'ID4'),
('ICN0437', 'v*rUaTEz', 'bkHVFhbF', 0, 'ID4'),
('ICN0438', 'g9mMVh1I', 'XO1MP3,K', 303, 'ID4'),
('ICN0439', 'gh_!rdlP', 'hU3E4*ok', 0, 'ID4'),
('ICN0440', '42nKD-8f', 'NOh2NcYT', 0, 'ID4'),
('ICN0441', 'IfaEB4k9', 'hCPAPEaG', 0, 'ID4'),
('ICN0442', 'ZZBUwbi3', 'dk5mokM7', 0, 'ID4'),
('ICN0443', 'nNEksaNc', 'j*LqLtOh', 0, 'ID4'),
('ICN0444', 'XBcuc8mP', 'iOdiFp0x', 0, 'ID4'),
('ICN0445', 'u7UjyY!K', '*ToWY0fJ', 0, 'ID4'),
('ICN0446', 'jLmf2!wB', 'mnz6me4V', 0, 'ID4'),
('ICN0447', 'DwHA!Kq6', 'AYbtDhFc', 0, 'ID4'),
('ICN0448', 'dhBz0jaw', '71reuJYQ', 0, 'ID4'),
('ICN0449', '3TbORn8N', 'tygbSlgV', 0, 'ID4'),
('ICN0450', 'btKRwaqG', 'o$wspj34', 0, 'ID4'),
('ICN0451', 'Z*wcKTgS', 'Sj0$bsuI', 0, 'ID4'),
('ICN0452', '9GsxF9XX', 'JTTup*LX', 0, 'ID4'),
('ICN0453', 'mLQcTtLk', 'tnk$lQxx', 1, 'ID4'),
('ICN0454', 'VAIoAr$T', '7awm7ycF', 0, 'ID4'),
('ICN0455', 'p*fnUn4-', 'U*xJqt37', 0, 'ID4'),
('ICN0456', 'TqWX1tHA', 'YUXC92gu', 0, 'ID4'),
('ICN0457', '6G8v9jPl', 'edQzrQkk', 0, 'ID4'),
('ICN0458', 'Hi6khagr', 'qUg02XVl', 0, 'ID4'),
('ICN0459', 'mk4-$Xm2', 'aKH8j4Pk', 0, 'ID4'),
('ICN0460', '1AiYaxM$', 'r_he1!vk', 0, 'ID4'),
('ICN0461', 'mFFo$cPQ', 'HQ,6TYwT', 0, 'ID4'),
('ICN0462', 'wk9*y2kl', 'wKhBzOJu', 0, 'ID4'),
('ICN0463', 'oBsT*YE*', '4Nio6m_u', 0, 'ID4'),
('ICN0464', 'ECd5W,NN', '0ULnHq2Y', 4, 'ID4'),
('ICN0465', '!O2RZx9p', 'XUTI5$Zp', 0, 'ID4'),
('ICN0466', 'eIN!00ag', '!IiihBQ1', 0, 'ID4'),
('ICN0467', 'jGCnQpzh', 'iWWy9qTD', 0, 'ID4'),
('ICN0468', '!00OwUM1', 'sQdjSMR4', 0, 'ID4'),
('ICN0469', 'k6m5C4Sa', 'x$ezzoqM', 0, 'ID4'),
('ICN0470', 'Ls*S1Qow', 'pYXpka4x', 0, 'ID4'),
('ICN0471', 'IDqbSLUf', 'Da7itp,B', 0, 'ID4'),
('ICN0472', 'XR0IXGZK', '3ly18s4h', 0, 'ID4'),
('ICN0473', '04LZ4naL', 'FbEPvI0D', 0, 'ID4'),
('ICN0474', 'Nb_,5-0P', 'TEhh-t*e', 0, 'ID4'),
('ICN0475', 'KayXCc7,', ',RdN*_Hb', 0, 'ID4'),
('ICN0476', '0IU3fLwe', 'bfx,J8M!', 0, 'ID4'),
('ICN0477', 'VI6F1t-v', '8qQI0SZ$', 0, 'ID4'),
('ICN0478', 'tSG6_ZHV', 'bGsLV9xu', 1, 'ID4'),
('ICN0479', 'dpMXpKiP', 'MsEV1oFJ', 0, 'ID4'),
('ICN0480', 'X8WKjuF!', 'LlkO!wki', 0, 'ID4'),
('ICN0481', 'y712*pEC', '$*obcNdu', 0, 'ID4'),
('ICN0482', 'nmgEG74w', 'YTP*S1L9', 0, 'ID4'),
('ICN0483', 'Z6!g2cPk', '9whY5NZB', 0, 'ID4'),
('ICN0484', 'BPOGH-RM', '_$5jg!Ha', 0, 'ID4'),
('ICN0485', 'd$nE60$E', 'Q5HBAioT', 0, 'ID4'),
('ICN0486', '2xn6mGrQ', '9iT0_2MW', 0, 'ID4'),
('ICN0487', '7E5mEPWx', '5D$-Ogdp', 0, 'ID4'),
('ICN0488', 'yCgEzWDT', 'Tu9_qGsc', 0, 'ID4'),
('ICN0489', '_Mzk_V*T', 'Kh$bg6Ez', 0, 'ID4'),
('ICN0490', 'UPP-hQLO', 't0B4xEUe', 0, 'ID4'),
('ICN0491', 'iUG!!,gg', 'Ph*kTYKL', 0, 'ID4'),
('ICN0492', '9ErLooYh', 'cHIRQ_El', 0, 'ID4'),
('ICN0493', 'rixDPAy0', '5H5sh2FA', 0, 'ID4'),
('ICN0494', 'q*1$0ogC', 'xo,LS80j', 1, 'ID4'),
('ICN0495', '9RmiwVPh', 'nEMWo7Gu', 0, 'ID4'),
('ICN0496', 'Zlwcd6zG', 'GczbYT1c', 1, 'ID4'),
('ICN0497', 'pw4vNv$5', '9Sah9vQF', 0, 'ID4'),
('ICN0498', '48KoqQ9O', 'LydG1T_,', 0, 'ID4'),
('ICN0499', 'cw0JRU-7', 'fHcxNFkI', 0, 'ID4'),
('ICN0500', 'I8eK8QJp', '!cG*tjP3', 0, 'ID4'),
('ICN0501', 'dUJp*A!j', 'Fyn,uPNJ', 0, 'ID4'),
('ICN0502', 'ZLrT6gd3', 'vqtyRpd,', 0, 'ID4'),
('ICN0503', 'cSWq_3N1', 'RW42!g_R', 0, 'ID4'),
('ICN0504', 'T!tZ$7h7', 'HImHdXkw', 0, 'ID4'),
('ICN0505', 'ujb-l-kq', 'fHxdlc4n', 0, 'ID4'),
('ICN0506', 'c5g6Yvl2', '8hkFNnsE', 0, 'ID4'),
('ICN0507', 'ya0wQU7R', '7$1XH9kI', 0, 'ID4'),
('ICN0508', 'gq7D5D4!', 'Ko0Q_2Xk', 0, 'ID4'),
('ICN0509', 'sPCAuMUf', 'x7kCvY8p', 2, 'ID4'),
('ICN0510', '*5QPw$B,', 'iSH6u6so', 0, 'ID4'),
('ICN0511', '_jXUeuwn', 'IaK*oTkx', 0, 'ID4'),
('ICN0512', '-VM86loZ', 'h461pyGa', 0, 'ID4'),
('ICN0513', '!isrILGe', 'V62cINrp', 0, 'ID4'),
('ICN0514', 'OPT1tigs', 'YegO,9b$', 0, 'ID4'),
('ICN0515', 'Zrn4GUyq', 'Lq$oTMYt', 0, 'ID4'),
('ICN0516', '2paAqzVM', '1LwL1OaK', 0, 'ID4'),
('ICN0517', '4,RLl9nE', 'PWTc_XTs', 0, 'ID4'),
('ICN0518', 'sXE1-jPj', 'Wt0-50XO', 0, 'ID4'),
('ICN0519', 'VzBAqGws', 'lJoS83X7', 2, 'ID4'),
('ICN0520', 'oQ1ZnyhC', '2WgcJb,A', 0, 'ID4'),
('ICN0521', '7SEgS3i6', 'Aaj$M$0p', 0, 'ID4'),
('ICN0522', 'R8seCtYn', 'cqgx2ukU', 0, 'ID4'),
('ICN0523', 'SwH,RiiT', '_IyMKKV7', 0, 'ID4'),
('ICN0524', 'mEsciYnU', 'SknS62tT', 0, 'ID4'),
('ICN0525', 'SqQZV*DD', '78$zb4NW', 0, 'ID4'),
('ICN0526', 'oU8R*Qit', '9HIJp*7R', 0, 'ID4'),
('ICN0527', 'iOpPFlHz', 'jJCjihen', 0, 'ID4'),
('ICN0528', ',Nqh!!TC', 'iUl-yQyt', 0, 'ID4'),
('ICN0529', 'hqGZJ!2u', 'D8TAIFzm', 0, 'ID4'),
('ICN0530', 'TTV0UPeQ', 'sfT5*Jfu', 1, 'ID4'),
('ICN0531', '1afS$*VI', 'dXanTzuQ', 0, 'ID4'),
('ICN0532', '42i1WuPa', 'kKPEMfD2', 0, 'ID4'),
('ICN0533', 'qpiiWHrI', 'FQGdIOmV', 0, 'ID4'),
('ICN0534', 'qF,T_EhE', 'IhbQU1jD', 0, 'ID4'),
('ICN0535', '3CA2twn3', 'qK9!4om5', 0, 'ID4'),
('ICN0536', '-cfFMf_$', 'fSugC1L4', 0, 'ID4'),
('ICN0537', 'NVqouFN8', 'RNRxq8NJ', 0, 'ID4'),
('ICN0538', 'axRezRt7', '2AxpR3n0', 0, 'ID4'),
('ICN0539', '5oXKGu,y', 'tNJBQPAx', 0, 'ID4'),
('ICN0540', '3xSDYZdo', 'Mi6SRdgn', 0, 'ID4'),
('ICN0541', 'QSbjNGQj', '5*XCnu9J', 0, 'ID4'),
('ICN0542', '72FbgUlN', 'lk87dbPw', 0, 'ID4'),
('ICN0543', 'qlnL7KOd', '1Kzq8f*L', 0, 'ID4'),
('ICN0544', 's$J9Vj3p', 'kdCYeI$3', 1, 'ID4'),
('ICN0545', 'mHPKpjb9', '1mZm6D0W', 1, 'ID4'),
('ICN0546', 'kWTU6zbl', 'OGDZay54', 0, 'ID4'),
('ICN0547', 'Gjso8_wR', 'hKNpXnN_', 0, 'ID4'),
('ICN0548', 'MbVtgE3U', 'd8-rQYOM', 0, 'ID4'),
('ICN0549', 'fV4ON-C*', 'aRLyTV1Q', 0, 'ID4'),
('ICN0550', 'vMF1F!XP', '2G0!gcbC', 0, 'ID4'),
('ICN0551', 'rcVM8-Cq', 'JS5x8-xt', 0, 'ID4'),
('ICN0552', 'iq_eja8o', 'YtOy$DDx', 0, 'ID4'),
('ICN0553', '9MkjeL3T', 'B$y_*ptr', 0, 'ID4'),
('ICN0554', 'NhxCg8p6', 'WhtqJdH$', 0, 'ID4'),
('ICN0555', 'yrHnf_lA', 'DUQMklfo', 0, 'ID4'),
('ICN0556', 'szre5P$a', 'cw0Fg3dv', 0, 'ID4'),
('ICN0557', 'PPzvaVf!', 'Ex_808,i', 0, 'ID4'),
('ICN0558', 'Rk!DyR87', 'aqNcIzTG', 0, 'ID4'),
('ICN0559', '*$TWAqCe', 'zEU$EcJb', 0, 'ID4'),
('ICN0560', 'w6V3mvxt', 'XlKMEqSs', 0, 'ID4'),
('ICN0561', 'bs9,Piza', 'Kqnqn!Mz', 0, 'ID4'),
('ICN0562', 'QPlD,bxN', '5Xks4K!g', 0, 'ID4'),
('ICN0563', 'u,TKRU8r', 'Cj!Fw7MX', 2, 'ID4'),
('ICN0564', 'T6d2Zquj', ',-5inDNh', 0, 'ID4'),
('ICN0565', 'mbvyxn0*', 'sR7poQOc', 0, 'ID4'),
('ICN0566', 'UjX*t-,A', 'kDkyZaaL', 0, 'ID4'),
('ICN0567', 'TKuX4uDU', 'o6yBWLtL', 0, 'ID4'),
('ICN0568', 'tWdLMyE7', 'dq5rjvjU', 1, 'ID4'),
('ICN0569', 'iL4zC9Gc', '-odGhpzt', 0, 'ID4'),
('ICN0570', 'uBFOEQ1l', 'CXX8$$pD', 0, 'ID4'),
('ICN0571', 'C5GDCqy8', 'CUN-!G_N', 0, 'ID4'),
('ICN0572', 'U2UTT!YT', 'YinAl4Q-', 0, 'ID4'),
('ICN0573', 'KnT!Y_Qt', 'iZwN0x0$', 0, 'ID4'),
('ICN0574', '*UlOq!f8', 'v9yzJnXo', 0, 'ID4'),
('ICN0575', 'D6DZGbT7', 'Y$PKRV4y', 0, 'ID4'),
('ICN0576', '5XPIePef', 'rChbMBHp', 0, 'ID4'),
('ICN0577', 'CnqFg9TV', 'UgI2adux', 0, 'ID4'),
('ICN0578', 'Y7sGT$El', 'hRlpzM39', 0, 'ID4'),
('ICN0579', 'YjH2ZH0Y', '-9-MD3Vm', 0, 'ID4'),
('ICN0580', 'pcCZz29-', '$xRAKjt1', 0, 'ID4'),
('ICN0581', 'sg*ABoeX', 'Z*cfdWyG', 0, 'ID4'),
('ICN0582', 'y*cSejA9', 'Zv7Ot0gv', 0, 'ID4'),
('ICN0583', '$xZStSbD', 'noxcmy$j', 0, 'ID4'),
('ICN0584', '81nQ2kbM', '1BWDX5pj', 0, 'ID4'),
('ICN0585', 'Fl$ixanq', 'hJVSpeN1', 0, 'ID4'),
('ICN0586', 'LwjpRcCS', 'VrRjZU1H', 0, 'ID4'),
('ICN0587', 'CV_*Dyha', 'sQ7!OW_H', 0, 'ID4'),
('ICN0588', 'Y-QEp3ex', 'sPdN9xl0', 0, 'ID4'),
('ICN0589', 'QUeowu0S', '6_cc2NUb', 0, 'ID4'),
('ICN0590', 'sXZgUSCE', 'vS3R,vUE', 0, 'ID4'),
('ICN0591', 'qk*,n9J2', 'ySG20DMM', 200, 'ID4'),
('ICN0592', 'Hru1NukX', 'A$oqW5Qv', 0, 'ID4'),
('ICN0593', 'u7s7pxrx', 'K_aeKP_L', 0, 'ID4'),
('ICN0594', 'TOz3M2h$', '2Bj5_,eF', 0, 'ID4'),
('ICN0595', 'WQsePhvN', 'r-5KS14P', 0, 'ID4'),
('ICN0596', '91Y-XE3Z', '_uxs$LlE', 0, 'ID4'),
('ICN0597', ',9PW8YEZ', 'C6zY*Mg1', 0, 'ID4'),
('ICN0598', 'YK$qUSv*', '64xy9NrO', 0, 'ID4'),
('ICN0599', '2ycJPuGl', 'Nl8_gsDL', 0, 'ID4'),
('ICN0600', 'MzN0n_Li', 'uS1VdEye', 0, 'ID4'),
('ICN0601', 'o8ZSyv$1', 'WjbaDxmg', 0, 'ID4'),
('ICN0602', 'BvDlLGBY', 'FO9VpJV_', 0, 'ID4'),
('ICN0603', '!,UOXN*F', 'pG$ZRc82', 0, 'ID4'),
('ICN0604', '7aOEyDgG', 'rMYAk14E', 0, 'ID4'),
('ICN0605', 's-35AYhb', 'Zr8GfPGz', 0, 'ID4'),
('ICN0606', 'vyxnYxr4', 'm6Eo*3mk', 0, 'ID4'),
('ICN0607', 'DM4m52e0', 'HpS,QRoN', 0, 'ID4'),
('ICN0608', 't2rlKsCw', '9CqqXYhY', 0, 'ID4'),
('ICN0609', 'R$,bjyJ!', 'clp3-T4s', 0, 'ID4'),
('ICN0610', 'oc1wzTWC', 'bAsOlyR2', 203, 'ID4'),
('ICN0611', 'vg8i1tx2', 'J*LnPSBW', 0, 'ID4'),
('ICN0612', 'fN8bKvRZ', 'wmT$DDKd', 0, 'ID4'),
('ICN0613', 'MA$FzqOg', 'niCe4s29', 0, 'ID4'),
('ICN0614', 'KV7v4GeY', 'I8RCp1UD', 0, 'ID4'),
('ICN0615', 'rKHvYmwI', '2K-NvmFp', 0, 'ID4'),
('ICN0616', 'Olm,Ojgq', 'lqUdisla', 0, 'ID4'),
('ICN0617', '*FaSfd2-', 'OUYCHJsl', 0, 'ID4'),
('ICN0618', '7afm_sUH', 'VMQslP,O', 0, 'ID4'),
('ICN0619', '5Aq,LuTI', 'u429aani', 0, 'ID4'),
('ICN0620', '39wF6NqY', 'lOqFjaFB', 0, 'ID4'),
('ICN0621', 'U_WezlE!', 'ufRtrTWe', 1, 'ID4'),
('ICN0622', 'flaMHCWD', 'ZQhwSQN2', 0, 'ID4'),
('ICN0623', 'B*egpk_l', 'splw5dEk', 1, 'ID4'),
('ICN0624', 'RdoHjY4,', 'YLfCc6vI', 0, 'ID4'),
('ICN0625', '-PMQ-bBI', '*aBA2VR7', 0, 'ID4'),
('ICN0626', '0NWJ0Uo7', 'vSy9UQrd', 0, 'ID4'),
('ICN0627', ',X1-,wQJ', 'PCUrg8!v', 0, 'ID4'),
('ICN0628', 'lY_G38_C', 'p5wb6MBH', 0, 'ID4'),
('ICN0629', 'Xdun671l', '22Zh8qpX', 0, 'ID4'),
('ICN0630', 'WbPFGeXH', '3c7jhOst', 0, 'ID4'),
('ICN0631', 'wTJpTe,U', 'fj9SaiIT', 0, 'ID4'),
('ICN0632', '07t-z3*q', 'V4WtEqL3', 0, 'ID4'),
('ICN0633', 'DKqsxvQ8', '$oD!!H-k', 0, 'ID4'),
('ICN0634', '006*J4Xo', ',reH6SeZ', 0, 'ID4'),
('ICN0635', 'iOTIe5Bi', 'O,lB_HIq', 0, 'ID4'),
('ICN0636', 'c*XNLErA', '1yQ2Zf-!', 0, 'ID4'),
('ICN0637', 'BptQfXlC', 'RZcrJ7VV', 0, 'ID4'),
('ICN0638', 'xOkk7VCh', 'V8Vx1uYG', 0, 'ID4'),
('ICN0639', 'LiWXVEJu', 'nXcF3v,d', 302, 'ID4'),
('ICN0640', 'lkvI2caj', 'qT*sTX28', 0, 'ID4'),
('ICN0641', 'YH,MYOP!', 'lw6oa0x$', 0, 'ID4'),
('ICN0642', 'PpfD7$mE', 'RImU,N5X', 0, 'ID4'),
('ICN0643', '2q$mz5_I', '9i7mysuN', 0, 'ID4'),
('ICN0644', 'fur5LcL,', 'BqHu4Kv1', 0, 'ID4'),
('ICN0645', 'TQpH1r30', 'DaZ8!Xqw', 0, 'ID4'),
('ICN0646', '84E7QdB,', 'gT78aupE', 0, 'ID4'),
('ICN0647', 'udmB!39W', 'HFDpU4de', 0, 'ID4'),
('ICN0648', 'a0qQ0lXO', '8ou55tfn', 0, 'ID4'),
('ICN0649', ',eWE49Ot', 'if!nYS9$', 0, 'ID4'),
('ICN0650', 'pgLHQlmu', 'L48ur$LG', 0, 'ID4'),
('ICN0651', '8nazVlRT', 'lks9Rj!r', 0, 'ID4'),
('ICN0652', 's,2*DY!r', 'mzt-yifi', 0, 'ID4'),
('ICN0653', 'NHR2NZE4', 'MRShiw15', 0, 'ID4'),
('ICN0654', 'v3AoZRk9', 'jHbGPfu3', 0, 'ID4'),
('ICN0655', 'm9aIsUrU', 'eKQocBQb', 0, 'ID4'),
('ICN0656', '29B41iLg', 'y*G6ty_i', 0, 'ID4'),
('ICN0657', '$us98O5g', 'R_tiFBGf', 0, 'ID4'),
('ICN0658', 'o79fc_,_', '4jRW661*', 0, 'ID4'),
('ICN0659', 'vFJ,Wu52', 'n1lHpE3X', 500, 'ID4'),
('ICN0660', 'Yi8qelz_', '$i8lS,y1', 0, 'ID4'),
('ICN0661', ',VKf8gTA', 'ttOSe-Qa', 0, 'ID4'),
('ICN0662', 'e_hZ*3Zf', 'uL,ATcnQ', 0, 'ID4'),
('ICN0663', ',YLx1cWM', 'Mlz5_ds2', 0, 'ID4'),
('ICN0664', '!-PhC7eb', 'hmHNZYb,', 100, 'ID4'),
('ICN0665', 'jJ1wwNN3', 'AbzEXu-q', 0, 'ID4'),
('ICN0666', 'lbTsmvSJ', 'Zndssk8S', 0, 'ID4'),
('ICN0667', 'IfxPK5Hh', 'TgKbqiei', 1, 'ID4'),
('ICN0668', 'bujDLIVK', 'piDPAbjF', 0, 'ID4'),
('ICN0669', 'gh9*fVHE', 'QG8MrO5Y', 0, 'ID4'),
('ICN0670', 'B7tusUgK', 'wB1Eksze', 0, 'ID4'),
('ICN0671', 'xgkRx,j1', 'evLQ7BrX', 0, 'ID4'),
('ICN0672', 'g0MjU0bE', '$cRyR3Y0', 0, 'ID4'),
('ICN0673', 'fwQOjere', '5OrqUxqs', 1, 'ID4'),
('ICN0674', '3Uwcaql$', 'cn7oQ4Xh', 1, 'ID4'),
('ICN0675', 'wffi1dUN', '50i2LhBt', 0, 'ID4'),
('ICN0676', 'NBAgrXt3', '2oLGlD_e', 0, 'ID4'),
('ICN0677', 'G0,nhJo3', 'hrwY9_cd', 100, 'ID4'),
('ICN0678', '1K$yONVr', 'LkcLqO8r', 0, 'ID4'),
('ICN0679', 'hC8ner3e', '!yKhiq9K', 0, 'ID4'),
('ICN0680', 'XerGdT0y', '*IEWZyid', 0, 'ID4'),
('ICN0681', '2e!Qw_av', 'Ny71ceJo', 0, 'ID4'),
('ICN0682', '1R*rHc6u', 'Cuo2PVy0', 0, 'ID4'),
('ICN0683', 'Lxx7hFaD', 'd5,K8_eA', 0, 'ID4'),
('ICN0684', '_qk1OE8W', 'EM7DANhi', 0, 'ID4'),
('ICN0685', 'W1*9U6bl', '!qQkh2FL', 0, 'ID4'),
('ICN0686', '8,DYuEmM', 'hRTWGw_J', 0, 'ID4'),
('ICN0687', 'jI6v5bZA', '1L1xEGYO', 0, 'ID4'),
('ICN0688', 'mo3QVFFA', 'Fb!vFYj$', 0, 'ID4'),
('ICN0689', '7vkuQqrD', 'PW6dTK$g', 0, 'ID4'),
('ICN0690', 'Xbfz1p3T', 'uh*2*oz8', 0, 'ID4'),
('ICN0691', 'L5LfUIHo', '-it8VSBN', 0, 'ID4'),
('ICN0692', 'L5M_9FnH', '56,BKxCb', 0, 'ID4'),
('ICN0693', 'mABAv3in', 'TeOVGGny', 0, 'ID4'),
('ICN0694', 'Hvp5OEwg', 'a8zgk_Fw', 0, 'ID4'),
('ICN0695', '_y!AQh0W', '7T6uDNA*', 1, 'ID4'),
('ICN0696', 'cBdt7jwV', 'qdgTstIj', 0, 'ID4'),
('ICN0697', 'usqqJWBg', '-PjPUyMU', 0, 'ID4'),
('ICN0698', 'z_QLdo7y', '7bt6*xE$', 0, 'ID4'),
('ICN0699', '6P6fe5N8', '-NPCV6*g', 0, 'ID4'),
('ICN0700', 'TN4gglD5', 'jpV_pRpt', 0, 'ID4'),
('ICN0701', 'Nvo7Qed8', 'khM7v2AV', 0, 'ID4'),
('ICN0702', 'eZ3zrQpX', 'fgl9_SpW', 0, 'ID4'),
('ICN0703', 'enQLnUn9', '3MuoHn4H', 0, 'ID4'),
('ICN0704', '3TF9Nm1u', 'S-$DC953', 0, 'ID4'),
('ICN0705', 'gkaWa9$S', 'XDcrkNVX', 2, 'ID4'),
('ICN0706', '_WKjBw6*', '1ugu_G39', 0, 'ID4'),
('ICN0707', 'NtFZdeZL', 'qjG9WTWk', 0, 'ID4'),
('ICN0708', '7Mhgg$4D', 'irc0!hRP', 0, 'ID4'),
('ICN0709', 'TK8OQNra', 'qr5K60NI', 1, 'ID4'),
('ICN0710', 'i6dg$jkI', 'PrV,z_Gm', 0, 'ID4'),
('ICN0711', 'V!8W8uer', 'wMTGEKnb', 0, 'ID4'),
('ICN0712', 'VKMa2qn1', 'Z2sI3FVR', 0, 'ID4'),
('ICN0713', 'F3G*Q2$i', 'M0M7!4B!', 0, 'ID4'),
('ICN0714', 'tltJVKh4', 'FF7Ttcfy', 0, 'ID4'),
('ICN0715', '5AyhONJE', 'i3rtIMOD', 0, 'ID4'),
('ICN0716', 'Vgmj-rHH', '5mmkd2MO', 0, 'ID4'),
('ICN0717', 'SSYBnO$b', 'dUKp2bHi', 0, 'ID4'),
('ICN0718', 'FCWVzpVa', 'pir_z*Ly', 0, 'ID4'),
('ICN0719', 'OX_EmeAY', 'n37eQrd*', 0, 'ID4'),
('ICN0720', 'ABf!D6*g', '6$n8I7na', 0, 'ID4'),
('ICN0721', 'HxaWX$bM', 'vbiX*wJJ', 0, 'ID4'),
('ICN0722', 'iMk!g5V2', 'ta8H7-ha', 0, 'ID4'),
('ICN0723', '$e,vffFY', 'blfc9KhF', 0, 'ID4'),
('ICN0724', '2XEJQbgr', 'unh,Ux2F', 0, 'ID4'),
('ICN0725', 'Z-si1eIR', '-B77mnfQ', 0, 'ID4'),
('ICN0726', 'ZYifnF4i', 'aD_Q1Ctt', 0, 'ID4'),
('ICN0727', '-Sw-zcPl', 'nyqQWYO6', 0, 'ID4'),
('ICN0728', 'Wd19AGVc', 'RJG1IQj!', 0, 'ID4'),
('ICN0729', 'lYWYY7Tj', 'SfJjMUbP', 0, 'ID4'),
('ICN0730', 'DxyOiZ_F', '6-C$jdjZ', 0, 'ID4'),
('ICN0731', 'MJXH3$Og', 'CwJ_L1C$', 0, 'ID4'),
('ICN0732', '7FVEL4kN', 'zDvn7az0', 0, 'ID4'),
('ICN0733', 'GLiEO!!U', 'tU3w1GWm', 0, 'ID4'),
('ICN0734', 'nLe,xyHx', 'cZMGw$QL', 0, 'ID4'),
('ICN0735', 'jw,sQoyM', '2WTCqHoB', 0, 'ID4'),
('ICN0736', '5MNL6$5k', 'kaxo6p1s', 0, 'ID4'),
('ICN0737', '1RFkspu9', 'GJYAu7Wb', 0, 'ID4'),
('ICN0738', 'ITfOvmTf', 'CSAAXdKv', 0, 'ID4'),
('ICN0739', 'OYV_$ZSI', 'BO0Lr_T1', 0, 'ID4'),
('ICN0740', 'J,bqdtEJ', '9t*kWPcE', 0, 'ID4'),
('ICN0741', '8L9CGvVV', 'OsVu4F6P', 2, 'ID4'),
('ICN0742', 'zO*733$A', 'k_w1XLbP', 0, 'ID4'),
('ICN0743', 'Ocgbx9Fa', 'f$C0_Uvz', 1, 'ID4'),
('ICN0744', 'tLH1gd3a', 'dJkpQcoC', 0, 'ID4'),
('ICN0745', 'kzJ,KcJV', '_gj,XKez', 0, 'ID4'),
('ICN0746', '!Af4lQj5', 'i1kt$gJ!', 0, 'ID4'),
('ICN0747', 'd2LnEIAW', 'SWTvyMh6', 0, 'ID4'),
('ICN0748', 'sqF9eO2c', '9*kmHWTH', 0, 'ID4'),
('ICN0749', '$GgSOP61', '0AgkuU3l', 0, 'ID4'),
('ICN0750', 'Zg0ZBKGK', 'hMZvsXYL', 0, 'ID4'),
('ICN0751', '!kO1ZZro', 'sLvJ3x0S', 0, 'ID4'),
('ICN0752', 'q9y1cUcg', 'qVlhqb29', 0, 'ID4'),
('ICN0753', 'fnbFoBF4', '9,Y$qCtR', 0, 'ID4'),
('ICN0754', 'L_wTK,Nh', 'OI7cxSA,', 0, 'ID4'),
('ICN0755', '0Fs9JXLN', 'hCFnhaN,', 0, 'ID4'),
('ICN0756', 'F1Ox_Q$7', 'oYrYGuOb', 0, 'ID4'),
('ICN0757', 'WZS!jEv4', 'eCcd_*IQ', 0, 'ID4'),
('ICN0758', 'tf8QtKqM', 'AgKerdBo', 0, 'ID4'),
('ICN0759', 'WWB7uh*I', '1XV4dj7u', 0, 'ID4'),
('ICN0760', 'HO7Lu$B$', 'Vbpt$K,*', 2, 'ID4'),
('ICN0761', 'M0eD6*,J', '0R09VS4R', 0, 'ID4'),
('ICN0762', 'gxZDCxR$', 'mU3eEILG', 0, 'ID4'),
('ICN0763', 'UdvW-dLW', 'l1F2tQlx', 0, 'ID4'),
('ICN0764', 'Vfwx*O2!', 'i4rNunBg', 0, 'ID4'),
('ICN0765', 'o5HxUpzq', 'TRDUxm7V', 0, 'ID4'),
('ICN0766', 'F*9XbTNJ', 'IsTC-4SE', 3, 'ID4'),
('ICN0767', 'CmwuaT-K', 'KFqd58NU', 0, 'ID4'),
('ICN0768', 'UjFTvRCK', 'SgJpT9bO', 0, 'ID4'),
('ICN0769', 'cavtf*vC', 'CprD$peA', 0, 'ID4'),
('ICN0770', 'NfyLp!h1', 'H4yz,L,n', 0, 'ID4'),
('ICN0771', '0sdX$1ln', 'gP5Ok9Mh', 0, 'ID4'),
('ICN0772', '_6EgqHby', '8!3vgHUx', 0, 'ID4'),
('ICN0773', 'ZzlOqPaf', 'S9!ufvAL', 0, 'ID4'),
('ICN0774', 'As4uAoV7', '4zNPonG9', 0, 'ID4'),
('ICN0775', 'p,wD3tHS', ',OHG*9HT', 0, 'ID4'),
('ICN0776', 'qALq4NDT', 'ssXGDNk9', 0, 'ID4'),
('ICN0777', 'CONNK_FI', 'emnm7MbH', 0, 'ID4'),
('ICN0778', 'Kz-jBFU3', 'r8odgc99', 0, 'ID4'),
('ICN0779', 'dcwLHmuk', '!yQY3wwu', 5, 'ID4'),
('ICN0780', 'UOBDwhvu', '0_q7j!!,', 0, 'ID4'),
('ICN0781', 't4g2PuhV', 'B$,DIjhy', 0, 'ID4'),
('ICN0782', '*umMoUPp', '19UO6WcL', 0, 'ID4'),
('ICN0783', 'tOOJ,J43', 'lKJItrpV', 0, 'ID4'),
('ICN0784', 'n0hoTUFD', 'DNZHRezi', 0, 'ID4'),
('ICN0785', '2qYNO*l9', '$5EKwHHx', 0, 'ID4'),
('ICN0786', '-nmN!kvG', 'X5ECC,EN', 0, 'ID4'),
('ICN0787', 'g4V7hyN2', 'vA,nVy0*', 0, 'ID4'),
('ICN0788', '-z-kVcE-', 'TXwuVjA3', 0, 'ID4'),
('ICN0789', 'kpnbTkc4', 'vx6Oia$B', 0, 'ID4'),
('ICN0790', 'b_L*HhBQ', 'n2OGtn_I', 0, 'ID4'),
('ICN0791', 'Srok8sva', 'yvPTe7b-', 0, 'ID4'),
('ICN0792', 'JgN5iS*C', 'EaWSAtSI', 0, 'ID4'),
('ICN0793', 'Ialunb4E', '_q9NQECU', 0, 'ID4'),
('ICN0794', 'DYT*x3Up', 'o0Ix$B0$', 0, 'ID4'),
('ICN0795', 'i8gsa9Bx', 'FmFBC2po', 0, 'ID4'),
('ICN0796', 'zs98Olur', 'KJVNpdja', 0, 'ID4'),
('ICN0797', 'K!MBrSRp', 'Rb!,LSfr', 0, 'ID4'),
('ICN0798', 'qCO9YUFa', 'jAALv25-', 300, 'ID4'),
('ICN0799', 'n4NIhrzY', '8fYnd58P', 0, 'ID4'),
('ICN0800', 'f7nWE65U', 'RtxlKUK7', 0, 'ID4'),
('ICN0801', 'xmi,L$w1', 'OyrZMb02', 0, 'ID4'),
('ICN0802', 'v8v$Qa_C', 'xPEr9npG', 1, 'ID4'),
('ICN0803', 'V0BCCZK,', 'XZSYd0kD', 0, 'ID4'),
('ICN0804', 'oJRLBq97', 'WTOwHHLE', 0, 'ID4'),
('ICN0805', 'Aqmc6D3y', 'M3C,l0um', 0, 'ID4'),
('ICN0806', 'SK5kF8q,', 'K$8bAwZY', 0, 'ID4'),
('ICN0807', 'z9fEEPI5', 'x5bdSRh7', 0, 'ID4'),
('ICN0808', '-TB-p,$f', '8fVtGBiw', 0, 'ID4'),
('ICN0809', 'dmeZhAu7', 'Wwpg2RAK', 0, 'ID4'),
('ICN0810', 'CXPnBAAs', '8okONwMe', 0, 'ID4'),
('ICN0811', 'O$ryj1pm', 'xhJJgiw5', 0, 'ID4'),
('ICN0812', 'TYl1OXtx', 'Y!-oJNv8', 0, 'ID4'),
('ICN0813', 'nchVkmg!', 'oqaIhKP!', 0, 'ID4'),
('ICN0814', 'oq*-w5Fj', 'Qk6804lh', 0, 'ID4'),
('ICN0815', '5Hcc9CAh', 'FgPbwr1m', 0, 'ID4'),
('ICN0816', 'gRw2vKPP', 'MLSoFVo_', 0, 'ID4'),
('ICN0817', '!qykJn4v', 'abju,xrB', 0, 'ID4'),
('ICN0818', 'NcCDppAB', 'xu,ry9q2', 0, 'ID4'),
('ICN0819', 'dzl45LAC', '0bSV8UVy', 402, 'ID4'),
('ICN0820', 'qt4UcuyC', 'h$3,AqKs', 0, 'ID4'),
('ICN0821', 'Ckvh!Bh$', 'LPysM,Af', 0, 'ID4'),
('ICN0822', 'y9Yau8bF', 'riEjBvBY', 0, 'ID4'),
('ICN0823', '4Xv5NmlU', 'iTVLE3yx', 0, 'ID4'),
('ICN0824', 'TSpF*ky9', 'tb-x4X4r', 0, 'ID4'),
('ICN0825', 's3gfPrAK', 'W8T2ket-', 0, 'ID4'),
('ICN0826', 'kZlrwjv$', 'dpgDd3-9', 0, 'ID4'),
('ICN0827', 'G32C7mLA', 'd6VsAUSY', 0, 'ID4'),
('ICN0828', '55APefl-', '6vp-!J_o', 0, 'ID4'),
('ICN0829', 'OyZu95gZ', '3c-cw1MC', 0, 'ID4'),
('ICN0830', 'mAsm3y!n', 'DTcmoCXb', 0, 'ID4'),
('ICN0831', 'LUUbAstv', 'NIkm3yRk', 0, 'ID4'),
('ICN0832', 'iTAAPGmy', 'bYOZdX6t', 0, 'ID4'),
('ICN0833', '_3$UD-lN', 'EXxRqvN,', 1, 'ID4'),
('ICN0834', 'u8HJu*Gw', 'lpaqnxYu', 0, 'ID4'),
('ICN0835', 'Ey2t9E7O', 'exd8Mpe!', 0, 'ID4'),
('ICN0836', '_xhCZA69', 'RNlX2B2c', 0, 'ID4'),
('ICN0837', 'b*_2hxJm', 'f2OjYcDE', 0, 'ID4'),
('ICN0838', 'x127NTpo', '_EHqLTyJ', 0, 'ID4'),
('ICN0839', 'sM0iTuo-', 'B,16ml-K', 0, 'ID4'),
('ICN0840', 'f3,fS_tN', '-Ht!eHM7', 0, 'ID4'),
('ICN0841', 'TcTREAax', 'F42Z$gYt', 0, 'ID4'),
('ICN0842', 'U2PW_v3J', '0Aar892,', 0, 'ID4'),
('ICN0843', 'Zj1rrFXp', 'ir4n0YCV', 0, 'ID4'),
('ICN0844', 'BfyfTaZy', '63WVC1Wj', 0, 'ID4'),
('ICN0845', '_YRqRlMB', '*obU6j0Q', 0, 'ID4'),
('ICN0846', '6SO*kTsi', 'tEUt6!Xk', 0, 'ID4'),
('ICN0847', '$,mS3Y_8', '-gZJZa,f', 0, 'ID4'),
('ICN0848', '8U,m-y17', '!KUvnp38', 0, 'ID4'),
('ICN0849', '-3C-CzT3', 'JosAWTgG', 0, 'ID4'),
('ICN0850', 'v-_HBHq*', 'MB3CUrx!', 0, 'ID4'),
('ICN0851', 'mh4ivT4K', 'SYWslRmN', 0, 'ID4'),
('ICN0852', '*2S4$,oF', 'o3La8WeI', 0, 'ID4'),
('ICN0853', 'M5$1D8lv', '-R!hxStU', 0, 'ID4'),
('ICN0854', 'V3r7fEf0', 'fKrde5ac', 0, 'ID4'),
('ICN0855', 'pc6_qXjG', 'WR9zqfMs', 0, 'ID4'),
('ICN0856', 'LFnikpSc', 'xdLKWkgN', 0, 'ID4'),
('ICN0857', 'l7Vu$iiN', 'A4r*TX4V', 1, 'ID4'),
('ICN0858', '7UoZ86W7', '8P*aii4f', 0, 'ID4'),
('ICN0859', 'FPddCLyX', 'R6LK9yzK', 0, 'ID4'),
('ICN0860', 'D3mPBsEX', 'h_Dv*2K8', 0, 'ID4'),
('ICN0861', '*XKb6BwN', 'T$r8vIGU', 0, 'ID4'),
('ICN0862', 'Ohy7N7wt', 'QlXwXs2$', 0, 'ID4'),
('ICN0863', 'ne,E-GK7', 'oMJJC0Dd', 0, 'ID4'),
('ICN0864', 'UytklxAa', 'n28StymG', 0, 'ID4'),
('ICN0865', '3r0r_BDe', 'i4zw$bam', 1, 'ID4'),
('ICN0866', 'LCQSt$$$', 'ZSd$Gn6N', 0, 'ID4'),
('ICN0867', '!HZBms0t', 'igKkST$9', 0, 'ID4'),
('ICN0868', 'zMS2ryyB', 'a5zTT0gP', 2, 'ID4'),
('ICN0869', 'wejecCl1', 'vpR1NqPS', 0, 'ID4'),
('ICN0870', '5YM,NMWg', 'XERKV3m_', 1, 'ID4'),
('ICN0871', '1xY4D$D!', 'D-CSiMUC', 0, 'ID4'),
('ICN0872', '7QghfgOZ', 'XkLr7sKZ', 0, 'ID4'),
('ICN0873', '_SvfYL3p', 'ILL0Hoeo', 0, 'ID4'),
('ICN0874', 'BpJ8M5RB', 'wGbc!54R', 0, 'ID4'),
('ICN0875', 'qWJSbKFz', 'L0_e7Gd1', 0, 'ID4'),
('ICN0876', 'FxJOyw*N', 'b*jLlNVq', 0, 'ID4'),
('ICN0877', 'hQ2aHrj_', '3dz5ApSF', 0, 'ID4'),
('ICN0878', ',wZz8XpU', 'N5rUWUs3', 1, 'ID4'),
('ICN0879', '4OrteA*m', ',*EbNSV7', 0, 'ID4'),
('ICN0880', 'JueHdbUM', 'cTFzjhiQ', 0, 'ID4'),
('ICN0881', 'Np6t!esH', 'nNxgtpjT', 0, 'ID4'),
('ICN0882', 'jtQvBOuc', 'Z4YtWMj_', 0, 'ID4'),
('ICN0883', 'lVZG$lO0', 'I2EB9ZUi', 0, 'ID4'),
('ICN0884', 'KbISCloP', 'f43NW7Zs', 0, 'ID4'),
('ICN0885', 'I_qAHlJ7', 'jtV0ySDd', 0, 'ID4'),
('ICN0886', 'L2muoho7', '$0Kof4VC', 1, 'ID4'),
('ICN0887', 'jXYFmQZH', '8-wE0uF3', 0, 'ID4'),
('ICN0888', ',*!RGfC6', '-x94Uab*', 3, 'ID4'),
('ICN0889', 'wQxzbnDy', 'XzepQmCk', 0, 'ID4'),
('ICN0890', 'ZA4t3Wvy', 'l*PfOdVW', 0, 'ID4'),
('ICN0891', '6SvtD!G!', '-nWSL7d2', 0, 'ID4'),
('ICN0892', 'LL0hXzrc', ',8gUmov6', 0, 'ID4'),
('ICN0893', 'bSj$wXZ8', 'kOa2RUF8', 0, 'ID4'),
('ICN0894', 'xSJ7-hMs', 'v$jUuxrj', 0, 'ID4'),
('ICN0895', '*moHvXd7', 'mi4KER,m', 0, 'ID4'),
('ICN0896', 'wCXdcN$b', 'CCBH-ZMp', 0, 'ID4'),
('ICN0897', '$qc2Tv7B', 'PPblEA1O', 0, 'ID4'),
('ICN0898', 'iZlCHpoz', 'sS9r!iPs', 0, 'ID4'),
('ICN0899', 'PZ*Mam8z', 'ygLT!Nuy', 0, 'ID4'),
('ICN0900', 'mjCt$NYJ', 'qhWe,IdY', 0, 'ID4'),
('ICN0901', 'jn94GyTK', 'BLWv8yRg', 0, 'ID4'),
('ICN0902', 'F,v*Ywd5', '0V3lJuie', 0, 'ID4'),
('ICN0903', 'abkz0UKm', 'qE$Ml,vZ', 0, 'ID4'),
('ICN0904', 'VO!Ib5CZ', 'DFVoQQfd', 0, 'ID4'),
('ICN0905', 'bwSMsiB8', 'rH7faI4r', 0, 'ID4'),
('ICN0906', 't5UxKEtp', 'imI_GAI$', 0, 'ID4'),
('ICN0907', 'lFDx3jA*', 'qZWwMpm2', 0, 'ID4'),
('ICN0908', '!Mkz-8J_', 'VvExL50,', 0, 'ID4'),
('ICN0909', 'Je$Q1,pZ', 'OIk$NaOA', 0, 'ID4'),
('ICN0910', '$4Gxjx02', 'R!O!N43N', 0, 'ID4'),
('ICN0911', 'rYmPnynG', '*IU$MA$t', 0, 'ID4'),
('ICN0912', '6umbIYQa', 'ruTSnM*J', 0, 'ID4'),
('ICN0913', 'bya4hz$,', 'hEhWhM8T', 0, 'ID4'),
('ICN0914', 'puqqiD9i', 'qnyOxW,J', 0, 'ID4'),
('ICN0915', 'AAYCkHld', 'yA,H-83p', 0, 'ID4'),
('ICN0916', 'b8eIwn9W', 'OVLdzflo', 0, 'ID4'),
('ICN0917', 'bL7xya*j', 'VlPV4mng', 0, 'ID4'),
('ICN0918', '1XP5d-Vs', 'YMV0,DKR', 0, 'ID4'),
('ICN0919', 'yCGInK-L', 'rKW$GGtc', 0, 'ID4'),
('ICN0920', 'H9hC5niL', 'u*1ajcKG', 0, 'ID4'),
('ICN0921', 'FqN25sLw', 'A-5p1_BW', 0, 'ID4'),
('ICN0922', 'Hnortpna', 'z9vkw9tD', 0, 'ID4'),
('ICN0923', '0BgYbZ5_', 'jHC!IqpV', 0, 'ID4'),
('ICN0924', 'GXgRynAN', '*OXATE4w', 0, 'ID4'),
('ICN0925', 'u6mpMM$M', '7TgIyfl,', 0, 'ID4'),
('ICN0926', 'JzpLGhPV', 'Ya70Na52', 0, 'ID4'),
('ICN0927', 'yO2_awbT', 'f9xB-Rep', 0, 'ID4'),
('ICN0928', 'y50aYZcZ', '-hozeolk', 0, 'ID4'),
('ICN0929', 'JqIWzuIL', 'fckHR-je', 0, 'ID4'),
('ICN0930', '3q9UiEtD', 'ynT0wOYZ', 0, 'ID4'),
('ICN0931', 'tF7_QA_d', 'mDOpUbK5', 0, 'ID4'),
('ICN0932', '7DdlL3ZN', '5VmP6OMN', 0, 'ID4'),
('ICN0933', 'OG$QA3o,', '*H$JONaS', 0, 'ID4'),
('ICN0934', 'ZQyo2gWk', 'MkC1Rb$c', 0, 'ID4'),
('ICN0935', 'y9kLkhE$', 'CgO_Hl*L', 0, 'ID4'),
('ICN0936', 'nOh23!lA', 'iesfEq4a', 0, 'ID4'),
('ICN0937', 'r_HEIE*O', 'S$StopLG', 0, 'ID4'),
('ICN0938', 's!$l$opY', 'kBOs_Trg', 0, 'ID4'),
('ICN0939', 'iYdanfWy', '99ov67F2', 0, 'ID4'),
('ICN0940', 'JYNdUdOT', ',iMUXJHr', 0, 'ID4'),
('ICN0941', 'ZPsA8UkZ', 'yT7B!aLd', 0, 'ID4'),
('ICN0942', 'w0$brZMq', 'TjUWvseN', 0, 'ID4'),
('ICN0943', 'DgJsNor2', 'ivKxaZAl', 0, 'ID4'),
('ICN0944', 'bry1T$oK', 'W4use7DY', 0, 'ID4'),
('ICN0945', 'VBr3Lak$', 'YWTIWvmv', 0, 'ID4'),
('ICN0946', 'HZXnti1Z', 'cV!-j7ko', 0, 'ID4'),
('ICN0947', '6X51lq9H', 'WgW0O0qQ', 0, 'ID4'),
('ICN0948', '!3mQw6vv', 'yFXlY-k7', 0, 'ID4'),
('ICN0949', '*VzrbTYv', 'v6uCW9Qg', 0, 'ID4'),
('ICN0950', 'q0wsi0!f', '$xyrzssO', 0, 'ID4'),
('ICN0951', 'LYzbADF_', 'rWdq3O4G', 0, 'ID4'),
('ICN0952', 'yWO2DJdm', 'LD$9q10v', 0, 'ID4'),
('ICN0953', 'ND*gxQDh', 'sMEFi5pr', 0, 'ID4'),
('ICN0954', 'S78-PkqO', 'SJTHl,RC', 0, 'ID4'),
('ICN0955', '!buMKXR*', '$5UhqQJg', 0, 'ID4'),
('ICN0956', 'pkwjJLn!', '4wm8PDLm', 0, 'ID4'),
('ICN0957', 'UNs6!MrD', 'SFDf6SUu', 0, 'ID4'),
('ICN0958', 'NUkGwZgm', 'njL7jeJl', 0, 'ID4'),
('ICN0959', 'v7fO3KAE', 't$Z-$Zwa', 0, 'ID4'),
('ICN0960', 'ALEz7i_A', 'mkvak!Zm', 0, 'ID4'),
('ICN0961', 'lkFIquNc', 'x_JZ7FxY', 0, 'ID4'),
('ICN0962', 'Xek_9RK3', 'GnxkZwrt', 0, 'ID4'),
('ICN0963', 'J$lFgrmN', 'e7AZ4pi1', 0, 'ID4'),
('ICN0964', 'GInt$X3Z', 'uxmAzBkE', 0, 'ID4'),
('ICN0965', 'dvkJv!oW', 'Icp2qsy-', 0, 'ID4'),
('ICN0966', 'RUrUbPDG', 'qMGh0*!g', 0, 'ID4'),
('ICN0967', 'VPhEEy-X', 'vkBKLOgi', 0, 'ID4'),
('ICN0968', 'Aw2A$2*k', 'LT9X-wC3', 0, 'ID4'),
('ICN0969', 'dPRiMcjf', 'C*nDKt41', 0, 'ID4'),
('ICN0970', '4tMMUcCQ', 'xr1ZNNui', 0, 'ID4'),
('ICN0971', 'PRpn-gMH', 'lfWWUHDq', 0, 'ID4'),
('ICN0972', 'XsfMgq5X', 'NLSr-eRR', 0, 'ID4'),
('ICN0973', 'h_Vc7$St', 'JN2X44VF', 0, 'ID4'),
('ICN0974', 'jfzZtEpf', 'gK0r$p*A', 0, 'ID4'),
('ICN0975', 'O9Krcmj8', 'gDJ3tINC', 0, 'ID4'),
('ICN0976', 'lVGYIQsC', 'CznBoco4', 0, 'ID4'),
('ICN0977', 'QE7XXHdo', 'v4,DvYrB', 0, 'ID4'),
('ICN0978', 'VFUxY-6M', 'OI-9*TcQ', 0, 'ID4'),
('ICN0979', 'd$xF1fp3', '7GLa$kir', 0, 'ID4'),
('ICN0980', '3TbbgGkf', 'bKYMU_kn', 0, 'ID4'),
('ICN0981', 'JixVy,IH', 'XW1YG$MP', 0, 'ID4'),
('ICN0982', '!c7HdJ6H', 'A-_WXFAs', 0, 'ID4'),
('ICN0983', 'UpX_pyrN', 'a9j*D9li', 0, 'ID4'),
('ICN0984', 'A!Wi$Yp8', 'vJXdZMTP', 0, 'ID4'),
('ICN0985', '0TEkUOoA', '5eMPI7xt', 0, 'ID4'),
('ICN0986', '-Pk$NaLr', 'RWO*foz5', 0, 'ID4'),
('ICN0987', '9Hu9$*jh', '$WJDqwag', 0, 'ID4'),
('ICN0988', 'GX3KyhK8', 'lDy5A52D', 0, 'ID4'),
('ICN0989', 'edd_e9eZ', '22Oq9xnl', 0, 'ID4'),
('ICN0990', 'Wt*___37', 'j2!QSxL_', 0, 'ID4'),
('ICN0991', 'hxSRMtL9', 'S1Y$mJrn', 0, 'ID4'),
('ICN0992', 'Ioj_aueP', '9!Vwq_OX', 0, 'ID4'),
('ICN0993', 'qCikh2$T', '48e,nwlp', 0, 'ID4'),
('ICN0994', 'CecNQSzG', 'kc7tstE*', 0, 'ID4'),
('ICN0995', 'tJ25*I6X', '*fa9tPZb', 0, 'ID4'),
('ICN0996', 'vKCxn9hu', 'h7zBvqjb', 0, 'ID4'),
('ICN0997', 'Tv6sx-T1', '2uoEwLLy', 0, 'ID4'),
('ICN0998', 'HnTu_nF6', 'fE,5UjS*', 0, 'ID4'),
('ICN0999', 'VJcq!,bu', '-XiAJ-xV', 0, 'ID4'),
('ICN1000', 'VuUWMf6d', 'ywKzm6Hg', 101, 'ID4'),
('ID1', 'Abidin', 'abcd', 213, 'ID2'),
('ID2', 'Abidin1', 'abcd', 982, 'ID4'),
('ID3', 'Abidin2', 'abcd', 101, 'ID3'),
('ID4', 'Abidin3', 'abcd', 1, 'ID1'),
('GAM05', 'isgd', 'edoganteng', 0, 'PER01'),
('PAN001', 'marqes10', 'isefuturism11', 0, 'PER03'),
('PAN002', 'johny22', 'isefuturism11', 0, 'PER03'),
('PAN003', 'eko31', 'isefuturism11', 0, 'PER03'),
('PAN004', 'rocket911', 'isefuturism11', 0, 'PER03'),
('PAN005', 'rahasiaqu1', 'isefuturism11', 0, 'PER03'),
('ICN9020', 'yjI59znD', 'Id$d6xDb', 0, 'PER04'),
('ICN1001', '', '12345678', 0, 'ID4'),
('ICN1002', '', '12345678', 0, 'ID4'),
('ICN1003', '', '12345678', 0, 'ID4'),
('ICN1004', '', '12345678', 0, 'ID4'),
('ICN1005', '', '12345678', 0, 'ID4'),
('ICN1006', '', '12345678', 0, 'ID4'),
('ICN1007', '', '12345678', 0, 'ID4'),
('ICN1008', '', '12345678', 0, 'ID4'),
('ICN1009', '', '12345678', 0, 'ID4'),
('ICN1010', '', '12345678', 0, 'ID4'),
('ICN1011', '', '12345678', 0, 'ID4'),
('ICN1012', '', '12345678', 0, 'ID4'),
('ICN1013', '', '12345678', 0, 'ID4'),
('ICN1014', '', '12345678', 0, 'ID4'),
('ICN1015', '', '12345678', 0, 'ID4'),
('ICN1016', '', '12345678', 0, 'ID4'),
('ICN1017', '', '12345678', 0, 'ID4'),
('ICN1018', '', '12345678', 0, 'ID4'),
('ICN1019', '', '12345678', 0, 'ID4'),
('ICN1020', '', '12345678', 0, 'ID4'),
('ICN1021', '', '12345678', 0, 'ID4'),
('ICN1022', '', '12345678', 0, 'ID4'),
('ICN1023', '', '12345678', 0, 'ID4'),
('ICN1024', '', '12345678', 0, 'ID4'),
('ICN1025', '', '12345678', 0, 'ID4'),
('ICN1026', '', '12345678', 0, 'ID4'),
('ICN1027', '', '12345678', 0, 'ID4'),
('ICN1028', '', '12345678', 0, 'ID4'),
('ICN1029', '', '12345678', 0, 'ID4'),
('ICN1030', '', '12345678', 0, 'ID4'),
('ICN1031', '', '12345678', 0, 'ID4'),
('ICN1032', '', '12345678', 0, 'ID4'),
('ICN1033', '', '12345678', 0, 'ID4'),
('ICN1034', '', '12345678', 0, 'ID4'),
('ICN1035', '', '12345678', 0, 'ID4'),
('ICN1036', '', '12345678', 0, 'ID4'),
('ICN1037', '', '12345678', 0, 'ID4'),
('ICN1038', '', '12345678', 0, 'ID4'),
('ICN1039', '', '12345678', 0, 'ID4'),
('ICN1040', '', '12345678', 0, 'ID4'),
('ICN1041', '', '12345678', 0, 'ID4'),
('ICN1042', '', '12345678', 0, 'ID4'),
('ICN1043', '', '12345678', 0, 'ID4'),
('ICN1044', '', '12345678', 0, 'ID4'),
('ICN1045', '', '12345678', 0, 'ID4'),
('ICN1046', '', '12345678', 0, 'ID4'),
('ICN1047', '', '12345678', 0, 'ID4'),
('ICN1048', '', '12345678', 0, 'ID4'),
('ICN1049', '', '12345678', 0, 'ID4'),
('ICN1050', '', '12345678', 0, 'ID4'),
('ICN4444', 'VYVrHzXj', 'ACg3J3F1', 0, 'PER02');

-- --------------------------------------------------------

--
-- Struktur dari tabel `Scan`
--

CREATE TABLE `Scan` (
  `timestamp` timestamp NOT NULL DEFAULT current_timestamp(),
  `fk_peserta_dari` varchar(10) NOT NULL,
  `fk_peserta_ke` varchar(10) NOT NULL
) ENGINE=MyISAM DEFAULT CHARSET=latin1;

--
-- Dumping data untuk tabel `Scan`
--

INSERT INTO `Scan` (`timestamp`, `fk_peserta_dari`, `fk_peserta_ke`) VALUES
('2019-10-31 14:27:08', 'ID4', 'id2'),
('2019-10-31 14:27:51', 'ID4', 'id2'),
('2019-10-31 14:28:19', 'ID4', 'id2'),
('2019-10-31 14:30:20', 'ID1', 'id2'),
('2019-10-31 14:42:40', 'ID4', 'id2'),
('2019-10-31 14:44:25', 'ID4', 'id2'),
('2019-11-01 18:35:10', 'GAM05', 'ID2'),
('2019-11-01 18:41:14', 'GAM04', 'ID2'),
('2019-11-01 18:41:30', 'GAM04', 'ID2'),
('2019-11-01 18:42:08', 'GAM04', 'ID2'),
('2019-11-01 18:42:13', 'GAM04', 'ID2'),
('2019-11-01 19:18:19', 'GAM01', 'ID2'),
('2019-11-01 20:52:34', 'ID1', 'ICN1000'),
('2019-11-01 20:57:11', 'STA15', 'ICN0270'),
('2019-11-01 20:57:25', 'ID1', 'ICN0705'),
('2019-11-01 20:57:35', 'STA15', 'ICN0868'),
('2019-11-01 20:57:42', 'STA15', 'ICN0039'),
('2019-11-01 20:57:46', 'STA20', 'ICN0779'),
('2019-11-01 20:57:49', 'STA15', 'ICN0282'),
('2019-11-01 20:57:49', 'GAM05', 'ICN0659'),
('2019-11-01 20:57:54', 'STA15', 'ICN0802'),
('2019-11-01 20:58:00', 'GAM05', 'ICN0659'),
('2019-11-01 20:58:02', 'GAM05', 'ICN0659'),
('2019-11-01 20:58:08', 'STA15', 'ICN0766'),
('2019-11-01 20:58:09', 'GAM05', 'ICN0659'),
('2019-11-01 20:58:11', 'STA15', 'ICN0563'),
('2019-11-01 20:58:13', 'GAM05', 'ICN0659'),
('2019-11-01 20:58:17', 'STA04', 'ICN0320'),
('2019-11-01 20:58:41', 'STA18', 'ICN0029'),
('2019-11-01 20:58:54', 'STA15', 'ICN0182'),
('2019-11-01 20:59:31', 'STA04', 'ICN0305'),
('2019-11-01 20:59:39', 'ID4', 'ICN1000'),
('2019-11-01 20:59:55', 'STA12', 'ICN0833'),
('2019-11-01 21:00:04', 'STA12', 'ICN0709'),
('2019-11-01 21:00:27', 'STA04', 'ICN0741'),
('2019-11-01 21:00:42', 'STA16', 'ICN0280'),
('2019-11-01 21:00:46', 'GAM01', 'ICN0290'),
('2019-11-01 21:01:10', 'STA16', 'ICN0639'),
('2019-11-01 21:01:31', 'STA16', 'ICN0610'),
('2019-11-01 21:01:36', 'STA04', 'ICN0509'),
('2019-11-01 21:01:40', 'STA16', 'ICN0404'),
('2019-11-01 21:01:45', 'STA16', 'ICN0438'),
('2019-11-01 21:01:49', 'STA09', 'ICN0621'),
('2019-11-01 21:02:06', 'STA16', 'ICN0819'),
('2019-11-01 21:02:25', 'STA16', 'ICN0423'),
('2019-11-01 21:02:35', 'STA04', 'ICN0391'),
('2019-11-01 21:02:47', 'STA04', 'ICN0886'),
('2019-11-01 21:03:40', 'STA09', 'ICN0760'),
('2019-11-01 21:04:05', 'STA08', 'ICN0888'),
('2019-11-01 21:04:41', 'STA02', 'ICN0563'),
('2019-11-01 21:04:48', 'STA09', 'ICN0766'),
('2019-11-01 21:05:05', 'STA09', 'ICN0478'),
('2019-11-01 21:05:06', 'STA04', 'ICN0519'),
('2019-11-01 21:05:07', 'STA16', 'ICN0029'),
('2019-11-01 21:05:17', 'STA02', 'ICN0464'),
('2019-11-01 21:05:52', 'STA02', 'ICN0695'),
('2019-11-01 21:05:59', 'STA22', 'ICN0760'),
('2019-11-01 21:06:00', 'STA02', 'ICN0888'),
('2019-11-01 21:06:07', 'STA02', 'ICN0262'),
('2019-11-01 21:06:50', 'STA04', 'ICN0376'),
('2019-11-01 21:06:54', 'STA15', 'ICN0779'),
('2019-11-01 21:07:26', 'STA15', 'ICN0865'),
('2019-11-01 21:07:41', 'GAM04', 'ICN0591'),
('2019-11-01 21:07:49', 'GAM04', 'ICN0591'),
('2019-11-01 21:08:50', 'STA21', 'ICN0244'),
('2019-11-01 21:08:56', 'GAM04', 'ICN0323'),
('2019-11-01 21:09:00', 'STA16', 'ICN0464'),
('2019-11-01 21:09:04', 'GAM04', 'ICN0323'),
('2019-11-01 21:09:10', 'GAM04', 'ICN0323'),
('2019-11-01 21:09:15', 'GAM04', 'ICN0323'),
('2019-11-01 21:09:16', 'STA06', 'ICN0766'),
('2019-11-01 21:09:17', 'GAM04', 'ICN0323'),
('2019-11-01 21:09:36', 'STA04', 'ICN0290'),
('2019-11-01 21:09:46', 'STA04', 'ICN0299'),
('2019-11-01 21:09:46', 'GAM04', 'ICN0371'),
('2019-11-01 21:09:53', 'GAM04', 'ICN0371'),
('2019-11-01 21:09:55', 'GAM01', 'ICN0664'),
('2019-11-01 21:10:05', 'GAM04', 'ICN0002'),
('2019-11-01 21:10:10', 'GAM04', 'ICN0002'),
('2019-11-01 21:10:12', 'STA06', 'ICN0056'),
('2019-11-01 21:10:15', 'GAM04', 'ICN0002'),
('2019-11-01 21:10:21', 'GAM04', 'ICN0002'),
('2019-11-01 21:10:26', 'STA06', 'ICN0011'),
('2019-11-01 21:10:34', 'STA06', 'ICN0196'),
('2019-11-01 21:10:50', 'STA06', 'ICN0273'),
('2019-11-01 21:10:57', 'GAM05', 'ICN0320'),
('2019-11-01 21:11:01', 'GAM04', 'ICN0798'),
('2019-11-01 21:11:04', 'STA06', 'ICN0376'),
('2019-11-01 21:11:05', 'GAM04', 'ICN0798'),
('2019-11-01 21:11:12', 'STA06', 'ICN0568'),
('2019-11-01 21:11:19', 'STA04', 'ICN0667'),
('2019-11-01 21:11:23', 'STA06', 'ICN0519'),
('2019-11-01 21:11:33', 'STA06', 'ICN0423'),
('2019-11-01 21:11:47', 'STA06', 'ICN0639'),
('2019-11-01 21:11:59', 'STA06', 'ICN0438'),
('2019-11-01 21:12:32', 'STA04', 'ICN0545'),
('2019-11-01 21:13:30', 'STA06', 'ICN0494'),
('2019-11-01 21:13:30', 'GAM01', 'ICN0677'),
('2019-11-01 21:13:34', 'STA02', 'ICN0196'),
('2019-11-01 21:13:37', 'GAM05', 'ICN0798'),
('2019-11-01 21:13:40', 'STA06', 'ICN0857'),
('2019-11-01 21:13:42', 'STA02', 'ICN0056'),
('2019-11-01 21:13:53', 'STA06', 'ICN0544'),
('2019-11-01 21:13:53', 'STA02', 'ICN0200'),
('2019-11-01 21:14:04', 'STA02', 'ICN0011'),
('2019-11-01 21:14:13', 'STA04', 'ICN0464'),
('2019-11-01 21:14:14', 'STA12', 'ICN0367'),
('2019-11-01 21:14:18', 'STA06', 'ICN0610'),
('2019-11-01 21:14:53', 'GAM02', 'ICN0610'),
('2019-11-01 21:14:55', 'STA08', 'ICN0868'),
('2019-11-01 21:14:59', 'GAM02', 'ICN0438'),
('2019-11-01 21:15:02', 'GAM02', 'ICN0819'),
('2019-11-01 21:15:02', 'GAM05', 'ICN0407'),
('2019-11-01 21:15:25', 'GAM02', 'ICN0423'),
('2019-11-01 21:15:28', 'STA06', 'ICN0509'),
('2019-11-01 21:15:29', 'GAM02', 'ICN0639'),
('2019-11-01 21:15:33', 'STA06', 'ICN0878'),
('2019-11-01 21:16:09', 'GAM02', 'ICN0404'),
('2019-11-01 21:16:52', 'STA06', 'ICN0353'),
('2019-11-01 21:17:08', 'STA06', 'ICN0779'),
('2019-11-01 21:17:21', 'STA13', 'ICN0293'),
('2019-11-01 21:17:45', 'STA15', 'ICN0124'),
('2019-11-01 21:17:47', 'STA07', 'ICN0282'),
('2019-11-01 21:17:52', 'STA15', 'ICN0106'),
('2019-11-01 21:18:29', 'GAM04', 'ICN0819'),
('2019-11-01 21:18:35', 'GAM04', 'ICN0819'),
('2019-11-01 21:19:43', 'STA04', 'ICN0196'),
('2019-11-01 21:19:50', 'STA04', 'ICN0056'),
('2019-11-01 21:19:53', 'GAM04', 'ICN0639'),
('2019-11-01 21:20:18', 'STA14', 'ICN0273'),
('2019-11-01 21:20:35', 'STA08', 'ICN0282'),
('2019-11-01 21:20:51', 'STA14', 'ICN0496'),
('2019-11-01 21:21:05', 'STA14', 'ICN0464'),
('2019-11-01 21:21:18', 'STA14', 'ICN0453'),
('2019-11-01 21:21:21', 'STA12', 'ICN0273'),
('2019-11-01 21:21:35', 'STA08', 'ICN0039'),
('2019-11-01 21:22:21', 'STA14', 'ICN0530'),
('2019-11-01 21:22:36', 'STA14', 'ICN0673'),
('2019-11-01 21:23:28', 'GAM01', 'ICN0236'),
('2019-11-01 21:23:51', 'STA06', 'ICN0106'),
('2019-11-01 21:23:58', 'STA06', 'ICN0124'),
('2019-11-01 21:24:28', 'STA09', 'ICN0035'),
('2019-11-01 21:24:56', 'STA20', 'ICN0180'),
('2019-11-01 21:25:27', 'GAM04', 'ICN0011'),
('2019-11-01 21:25:33', 'GAM04', 'ICN0011'),
('2019-11-01 21:25:35', 'GAM04', 'ICN0011'),
('2019-11-01 21:25:38', 'STA16', 'ICN0290'),
('2019-11-01 21:25:44', 'GAM04', 'ICN0011'),
('2019-11-01 21:25:44', 'GAM05', 'ICN0639'),
('2019-11-01 21:25:46', 'STA16', 'ICN0299'),
('2019-11-01 21:25:47', 'STA20', 'ICN0353'),
('2019-11-01 21:25:48', 'GAM05', 'ICN0438'),
('2019-11-01 21:26:16', 'GAM05', 'ICN0819'),
('2019-11-01 21:26:21', 'GAM05', 'ICN0404'),
('2019-11-01 21:26:24', 'ID1', 'ICN1025'),
('2019-11-01 21:26:25', 'GAM05', 'ICN0610'),
('2019-11-01 21:26:32', 'STA16', 'ICN0282'),
('2019-11-01 21:26:33', 'GAM05', 'ICN0423'),
('2019-11-01 21:26:45', 'STA16', 'ICN0039'),
('2019-11-01 21:26:49', 'GAM04', 'ICN0196'),
('2019-11-01 21:26:53', 'GAM04', 'ICN0196'),
('2019-11-01 21:26:56', 'GAM04', 'ICN0196'),
('2019-11-01 21:27:18', 'STA13', 'ICN0273'),
('2019-11-01 21:27:34', 'GAM04', 'ICN0200'),
('2019-11-01 21:27:36', 'GAM04', 'ICN0200'),
('2019-11-01 21:27:39', 'GAM04', 'ICN0200'),
('2019-11-01 21:27:40', 'GAM04', 'ICN0200'),
('2019-11-01 21:27:58', 'STA15', 'ICN0297'),
('2019-11-01 21:28:08', 'GAM01', 'ICN0040'),
('2019-11-01 21:28:18', 'GAM04', 'ICN0056'),
('2019-11-01 21:28:25', 'GAM04', 'ICN0056'),
('2019-11-01 21:28:29', 'STA08', 'ICN0779'),
('2019-11-01 21:28:31', 'GAM04', 'ICN0056'),
('2019-11-01 21:28:45', 'STA06', 'ICN0623'),
('2019-11-01 21:28:57', 'STA06', 'ICN0674'),
('2019-11-01 21:29:04', 'STA06', 'ICN0870'),
('2019-11-01 21:29:08', 'STA18', 'ICN0148'),
('2019-11-01 21:29:16', 'STA04', 'ICN0353'),
('2019-11-01 21:29:25', 'GAM01', 'ICN0254'),
('2019-11-01 21:29:39', 'GAM05', 'ICN0029'),
('2019-11-01 21:29:42', 'STA13', 'ICN0299'),
('2019-11-01 21:29:52', 'STA04', 'ICN0011'),
('2019-11-01 21:29:55', 'STA13', 'ICN0290'),
('2019-11-01 21:30:03', 'GAM05', 'ICN0029'),
('2019-11-01 21:30:27', 'STA04', 'ICN0705'),
('2019-11-01 21:30:52', 'STA04', 'ICN0029'),
('2019-11-01 21:31:04', 'STA04', 'ICN0200'),
('2019-11-01 21:32:46', 'STA13', 'ICN0779'),
('2019-11-01 21:32:48', 'STA03', 'ICN0610'),
('2019-11-01 21:33:18', 'STA03', 'ICN0404'),
('2019-11-01 21:33:26', 'STA13', 'ICN0017'),
('2019-11-01 21:33:37', 'STA13', 'ICN0185'),
('2019-11-01 21:33:51', 'STA03', 'ICN0819'),
('2019-11-01 21:34:24', 'GAM05', 'ICN0029'),
('2019-11-01 21:34:34', 'STA04', 'ICN0180'),
('2019-11-01 21:34:36', 'STA04', 'ICN0022'),
('2019-11-01 21:34:48', 'STA04', 'ICN0035'),
('2019-11-01 21:35:10', 'STA17', 'ICN0180'),
('2019-11-01 21:35:16', 'GAM01', 'ICN0438'),
('2019-11-01 21:37:11', 'GAM01', 'ICN0011'),
('2019-11-01 21:37:16', 'STA17', 'ICN0888'),
('2019-11-01 21:37:29', 'GAM04', 'ICN0029'),
('2019-11-01 21:37:32', 'GAM04', 'ICN0029'),
('2019-11-01 21:37:35', 'GAM04', 'ICN0029'),
('2019-11-01 21:37:37', 'GAM04', 'ICN0029'),
('2019-11-01 21:38:06', 'STA17', 'ICN0438'),
('2019-11-01 21:38:23', 'STA17', 'ICN0741'),
('2019-11-01 21:39:51', 'STA17', 'ICN0743');

--
-- Indexes for dumped tables
--

--
-- Indeks untuk tabel `Item`
--
ALTER TABLE `Item`
  ADD PRIMARY KEY (`id`),
  ADD UNIQUE KEY `id` (`id`);

--
-- Indeks untuk tabel `Login`
--
ALTER TABLE `Login`
  ADD PRIMARY KEY (`token`),
  ADD UNIQUE KEY `token` (`token`),
  ADD KEY `fk_user` (`fk_user`);

--
-- Indeks untuk tabel `Penukaran`
--
ALTER TABLE `Penukaran`
  ADD KEY `fk_pengunjung` (`fk_pengunjung`),
  ADD KEY `fk_item` (`fk_item`);

--
-- Indeks untuk tabel `Peran`
--
ALTER TABLE `Peran`
  ADD PRIMARY KEY (`id`),
  ADD UNIQUE KEY `id` (`id`);

--
-- Indeks untuk tabel `Peserta`
--
ALTER TABLE `Peserta`
  ADD PRIMARY KEY (`id`),
  ADD UNIQUE KEY `id` (`id`),
  ADD KEY `fk_peran` (`fk_peran`);

--
-- Indeks untuk tabel `Scan`
--
ALTER TABLE `Scan`
  ADD KEY `fk_peserta_dari` (`fk_peserta_dari`),
  ADD KEY `fk_peserta_ke` (`fk_peserta_ke`);
COMMIT;

/*!40101 SET CHARACTER_SET_CLIENT=@OLD_CHARACTER_SET_CLIENT */;
/*!40101 SET CHARACTER_SET_RESULTS=@OLD_CHARACTER_SET_RESULTS */;
/*!40101 SET COLLATION_CONNECTION=@OLD_COLLATION_CONNECTION */;
